,Median Label 0,Median Label 1,P-value
R,1.0,1.0,0.004269939298441515
normR,0.0416666666666666,0.0344827586206896,3.1024665730416106e-05
A,2.0,1.0,4.510356372003364e-25
normA,0.0666666666666666,0.0465116279069767,4.532640775721961e-29
L,2.0,1.0,6.335406055642796e-46
normL,0.0869565217391304,0.0555555555555555,7.933931902622763e-55
G,2.0,2.0,1.2675027385106858e-06
normG,0.0714285714285714,0.08,1.9890742690528036e-05
C,0.0,4.0,1.318088827040322e-287
normC,0.0,0.1481481481481481,5.81645240198748e-303
W,0.0,0.0,1.8181455130122255e-22
normW,0.0,0.0,1.0954092552710998e-22
P,1.0,1.0,1.2537775856725097e-07
normP,0.0434782608695652,0.0512820512820512,2.9657339431200213e-05
net_charge,0.46424888186551616,0.7204876538932621,0.01722566675354281
hidro/total,0.6078042328042328,0.5957446808510638,8.442299718194043e-06
AA,0.0,0.0,5.010462657642948e-07
normAA,0.0,0.0,2.8162533476216965e-07
AC,0.0,0.0,6.214627325022513e-08
normAC,0.0,0.0,8.084506167339945e-08
AF,0.0,0.0,3.4169462583590653e-09
normAF,0.0,0.0,8.324454555141979e-09
AH,0.0,0.0,1.6770139556126204e-09
normAH,0.0,0.0,7.342859684189801e-09
AI,0.0,0.0,0.003383607535715234
normAI,0.0,0.0,0.0031976483840286713
AL,0.0,0.0,0.015424960143455927
normAL,0.0,0.0,0.012109134953148493
AM,0.0,0.0,2.4458086810533643e-06
normAM,0.0,0.0,2.305492689639856e-06
AN,0.0,0.0,0.03411404090765067
normAN,0.0,0.0,0.03138344483243886
AP,0.0,0.0,0.0011455555813893654
normAP,0.0,0.0,0.0008841768229265017
AQ,0.0,0.0,6.157339131217846e-06
normAQ,0.0,0.0,3.837707285229336e-06
AR,0.0,0.0,1.4923474252456595e-13
normAR,0.0,0.0,2.0082075633663316e-13
AS,0.0,0.0,0.031041622433860994
normAS,0.0,0.0,0.03160200419568213
AT,0.0,0.0,1.1373969977836682e-07
normAT,0.0,0.0,1.1067010197901686e-07
AV,0.0,0.0,7.397280021419981e-31
normAV,0.0,0.0,8.821922605864614e-31
AW,0.0,0.0,0.0
normAW,0.0,0.0,0.0
AY,0.0,0.0,8.862657121296812e-43
normAY,0.0,0.0,9.26215751053967e-43
CA,0.0,0.0,6.498421038073316e-31
normCA,0.0,0.0,7.760424553103064e-31
CC,0.0,0.0,9.602958677403377e-18
normCC,0.0,0.0,1.155406944643722e-17
CD,0.0,0.0,2.0811854276377992e-54
normCD,0.0,0.0,1.735023341589942e-54
CE,0.0,0.0,1.3675341016198764e-22
normCE,0.0,0.0,1.1536076174973742e-22
CF,0.0,0.0,2.0115575749038566e-35
normCF,0.0,0.0,1.5448641365493924e-35
CG,0.0,0.0,4.5268282360160414e-39
normCG,0.0,0.0,9.574651894774027e-40
CH,0.0,0.0,2.7753526859893392e-27
normCH,0.0,0.0,2.947601433805556e-27
CI,0.0,0.0,3.7783459838241985e-20
normCI,0.0,0.0,3.7396209184292344e-20
CK,0.0,0.0,3.486643982003865e-36
normCK,0.0,0.0,1.3151209518415072e-36
CL,0.0,0.0,2.554818461069398e-51
normCL,0.0,0.0,9.347395763477858e-52
CM,0.0,0.0,4.5687870483137865e-20
normCM,0.0,0.0,3.6153025292715816e-20
CN,0.0,0.0,1.7946126486650753e-45
normCN,0.0,0.0,2.9949602735656326e-46
CP,0.0,0.0,4.48731077612372e-86
normCP,0.0,0.0,2.381734116459574e-86
CQ,0.0,0.0,1.5893659241559203e-47
normCQ,0.0,0.0,1.4080511923345091e-47
CR,0.0,0.0,2.9922357950869367e-31
normCR,0.0,0.0,6.5035525879683646e-31
CS,0.0,0.0,1.2539158722223526e-16
normCS,0.0,0.0,1.16228652355245e-16
CT,0.0,0.0,1.0279961986782024e-28
normCT,0.0,0.0,1.0712166047528177e-28
CV,0.0,0.0,0.03904660608108135
normCV,0.0,0.0,0.028378946077786817
CW,0.0,0.0,1.0205894029994196e-53
normCW,0.0,0.0,1.7005832297825586e-53
CY,0.0,0.0,0.0013867316942985603
normCY,0.0,0.0,0.0017068672418628055
DC,0.0,0.0,1.559857687875658e-05
normDC,0.0,0.0,1.1708286017791198e-05
DD,0.0,0.0,0.000113404154841146
normDD,0.0,0.0,0.0004019045217584043
DF,0.0,0.0,0.00086371522563601
normDF,0.0,0.0,0.00085284956094785
DH,0.0,0.0,0.0003846158010515505
normDH,0.0,0.0,0.0002331973070802655
DR,0.0,0.0,0.007096857067861908
normDR,0.0,0.0,0.005953553691108118
DS,0.0,0.0,0.00858531148686961
normDS,0.0,0.0,0.008599455099617506
DV,0.0,0.0,7.889172497583297e-08
normDV,0.0,0.0,4.768913654582456e-08
DW,0.0,0.0,6.988144424218179e-61
normDW,0.0,0.0,9.443524566532831e-61
EC,0.0,0.0,0.02291226769260796
normEC,0.0,0.0,0.02200159457841685
EF,0.0,0.0,1.32318413940171e-05
normEF,0.0,0.0,1.7479519573023267e-05
EG,0.0,0.0,0.00039285320079675984
normEG,0.0,0.0,0.00027184381660761906
EH,0.0,0.0,8.890980108634304e-13
normEH,0.0,0.0,7.139212347512739e-13
EM,0.0,0.0,7.559801479231664e-05
normEM,0.0,0.0,6.711686554269821e-05
EN,0.0,0.0,3.4837950189378e-05
normEN,0.0,0.0,2.757547120711117e-05
EP,0.0,0.0,0.017083228472794632
normEP,0.0,0.0,0.012771645492288078
EQ,0.0,0.0,0.00022636396645065585
normEQ,0.0,0.0,0.00021798056711709563
ER,0.0,0.0,7.888973960788378e-17
normER,0.0,0.0,5.42394189690872e-17
ES,0.0,0.0,0.00012497154409816253
normES,0.0,0.0,0.0001246908047610648
EV,0.0,0.0,1.365134232414206e-05
normEV,0.0,0.0,1.2681125606530681e-05
EW,0.0,0.0,3.834487719534194e-25
normEW,0.0,0.0,4.683145373356474e-25
EY,0.0,0.0,0.00011383787858493346
normEY,0.0,0.0,0.00010884855560950361
FA,0.0,0.0,7.183102994862379e-08
normFA,0.0,0.0,7.412728090812036e-08
FH,0.0,0.0,0.0007332987093982482
normFH,0.0,0.0,0.002232421378485741
FK,0.0,0.0,0.0004954559171059869
normFK,0.0,0.0,0.0005222008664411961
FM,0.0,0.0,0.0008759873674080743
normFM,0.0,0.0,0.0008848311822352672
FN,0.0,0.0,0.0013446306299063182
normFN,0.0,0.0,0.0015628421635135374
FP,0.0,0.0,1.6543906055272208e-10
normFP,0.0,0.0,2.534140890894023e-10
FQ,0.0,0.0,0.00019198454719242649
normFQ,0.0,0.0,0.00020168620306416958
FR,0.0,0.0,3.0677681913894747e-13
normFR,0.0,0.0,4.388520112500733e-13
FT,0.0,0.0,0.00041117659445664187
normFT,0.0,0.0,0.0004081174722316277
FW,0.0,0.0,4.06670823074887e-69
normFW,0.0,0.0,1.0057603667534517e-69
GA,0.0,0.0,0.031049464569456477
normGA,0.0,0.0,0.04367342621394986
GC,0.0,0.0,0.002289860176450339
normGC,0.0,0.0,0.0023595360903075867
GG,0.0,0.0,0.00019785419949311215
normGG,0.0,0.0,0.00022388771680761574
GH,0.0,0.0,0.0013613032842393553
normGH,0.0,0.0,0.0010137867492846118
GQ,0.0,0.0,0.024764355058611322
GS,0.0,0.0,1.8210728011918878e-06
normGS,0.0,0.0,1.8874378195668668e-06
GW,0.0,0.0,7.768748027461815e-16
normGW,0.0,0.0,6.342634110364728e-16
HC,0.0,0.0,0.03749519092317235
normHC,0.0,0.0,0.03847825287564944
HG,0.0,0.0,3.898689950437166e-05
normHG,0.0,0.0,4.523950006350803e-05
HL,0.0,0.0,5.498712317955238e-07
normHL,0.0,0.0,4.6479567541148677e-07
HV,0.0,0.0,1.3543421748641187e-05
normHV,0.0,0.0,1.622729709870488e-05
HW,0.0,0.0,1.2150262270459088e-14
normHW,0.0,0.0,3.0225887560939906e-15
HY,0.0,0.0,9.593567466612255e-05
normHY,0.0,0.0,8.705332209828279e-05
IA,0.0,0.0,2.7764206437187945e-09
normIA,0.0,0.0,2.227731118490159e-09
IC,0.0,0.0,8.068992658812053e-07
normIC,0.0,0.0,1.6138065472445607e-06
IF,0.0,0.0,6.453430715994954e-08
normIF,0.0,0.0,1.5540803114284035e-07
IG,0.0,0.0,0.027858341605301783
normIG,0.0,0.0,0.04518760562751897
IH,0.0,0.0,1.0478688039283786e-05
normIH,0.0,0.0,3.612886575954781e-05
IM,0.0,0.0,2.867701223840938e-07
normIM,0.0,0.0,3.1439643777334685e-07
IN,0.0,0.0,3.2678017525104544e-05
normIN,0.0,0.0,5.6430980078967e-05
IP,0.0,0.0,1.4633653500690909e-08
normIP,0.0,0.0,1.5853948486715763e-08
IQ,0.0,0.0,2.7017991891501256e-06
normIQ,0.0,0.0,3.6967659223206885e-06
IR,0.0,0.0,7.808304100173862e-06
normIR,0.0,0.0,1.6461583254215745e-05
IT,0.0,0.0,6.252111805015533e-06
normIT,0.0,0.0,5.883592119411896e-06
IW,0.0,0.0,6.150314013794226e-32
normIW,0.0,0.0,6.665156389609735e-32
KA,0.0,0.0,0.0008094207486507621
normKA,0.0,0.0,0.0007042205329679231
KG,0.0,0.0,0.006083870188198881
normKG,0.0,0.0,0.002876836211121977
KM,0.0,0.0,2.985104538406386e-07
normKM,0.0,0.0,4.426310251609504e-07
KN,0.0,0.0,0.00247986638315678
normKN,0.0,0.0,0.0026008360147443607
KQ,0.0,0.0,0.04346636598219371
normKQ,0.0,0.0,0.03820958152370214
KR,0.0,0.0,6.503486949888598e-05
normKR,0.0,0.0,0.00013370444415199552
KS,0.0,0.0,9.772490162564798e-05
normKS,0.0,0.0,0.00010467853383840476
KV,0.0,0.0,1.0453219411591162e-21
normKV,0.0,0.0,3.5078214641560986e-21
KW,0.0,0.0,4.014757734125074e-23
normKW,0.0,0.0,8.897503779442734e-24
KY,0.0,0.0,8.680585842446231e-07
normKY,0.0,0.0,6.41365291116279e-07
LA,0.0,0.0,1.28676099870361e-07
normLA,0.0,0.0,7.894836686561212e-08
LC,0.0,0.0,9.550811793264128e-12
normLC,0.0,0.0,3.3269897664375813e-11
LD,0.0,0.0,0.0015508864639611623
normLD,0.0,0.0,0.0018546157918658834
LE,0.0,0.0,0.0030391005466631317
normLE,0.0,0.0,0.003183791751558037
LF,0.0,0.0,4.947615365139667e-08
normLF,0.0,0.0,1.5099957139838717e-07
LG,0.0,0.0,0.02992861888869815
LH,0.0,0.0,3.6175739717788685e-11
normLH,0.0,0.0,1.4779883283585014e-09
LI,0.0,0.0,0.00030350393602373877
normLI,0.0,0.0,0.00028780028161185325
LK,0.0,0.0,6.096334159737127e-07
normLK,0.0,0.0,7.866314389219582e-07
LM,0.0,0.0,2.5563951553668338e-08
normLM,0.0,0.0,2.9559520583702375e-08
LN,0.0,0.0,1.4567958723886918e-06
normLN,0.0,0.0,1.6438043179505337e-06
LP,0.0,0.0,1.0586973971393469e-07
normLP,0.0,0.0,2.985052347723297e-07
LQ,0.0,0.0,1.5186326515662596e-05
normLQ,0.0,0.0,1.2293938725401813e-05
LR,0.0,0.0,1.1725906258488105e-19
normLR,0.0,0.0,5.552072725963172e-19
LT,0.0,0.0,2.2076975321866725e-10
normLT,0.0,0.0,2.3466537805480866e-10
LV,0.0,0.0,2.440309252647838e-06
normLV,0.0,0.0,2.9626812982840493e-06
LW,0.0,0.0,2.1433186073705945e-20
normLW,0.0,0.0,1.771123168626838e-20
LY,0.0,0.0,3.0778407356476344e-08
normLY,0.0,0.0,3.0779604570149796e-08
MA,0.0,0.0,6.134701795588547e-11
normMA,0.0,0.0,6.441672562083621e-11
MC,0.0,0.0,0.002448318503728481
normMC,0.0,0.0,0.0023476806679306873
MD,0.0,0.0,0.016891757204317584
normMD,0.0,0.0,0.01736224284954598
MF,0.0,0.0,0.0002581639610663056
normMF,0.0,0.0,0.0002758305283466116
MG,0.0,0.0,7.662152982041244e-16
normMG,0.0,0.0,9.383566249307557e-16
MH,0.0,0.0,6.761965492513679e-07
normMH,0.0,0.0,9.5451870071037e-07
ML,0.0,0.0,0.0475799403338913
normML,0.0,0.0,0.047392952708010624
MM,0.0,0.0,2.432735464840032e-09
normMM,0.0,0.0,2.49571601089423e-09
MN,0.0,0.0,6.910859807479789e-07
normMN,0.0,0.0,6.545109639677272e-07
MP,0.0,0.0,0.020044433701474865
normMP,0.0,0.0,0.019198608988436474
MQ,0.0,0.0,0.0001848698144862159
normMQ,0.0,0.0,0.00017960113597125128
MR,0.0,0.0,9.228378907844863e-08
normMR,0.0,0.0,1.0851650043638459e-07
MT,0.0,0.0,0.03534469914956212
normMT,0.0,0.0,0.035265417753745094
MV,0.0,0.0,0.003033508785121844
normMV,0.0,0.0,0.004866636085328475
MW,0.0,0.0,3.801285941051078e-26
normMW,0.0,0.0,3.431145657376213e-26
NC,0.0,0.0,2.2674452398093064e-05
normNC,0.0,0.0,2.140794372682139e-05
ND,0.0,0.0,0.0010644390105175319
normND,0.0,0.0,0.0017732220726880956
NF,0.0,0.0,9.68531768700907e-10
normNF,0.0,0.0,1.033288013477419e-09
NL,0.0,0.0,0.0014684869429505414
normNL,0.0,0.0,0.0011538575707315578
NM,0.0,0.0,0.002911406783098564
normNM,0.0,0.0,0.0028412032482357462
NN,0.0,0.0,0.005272424416968856
normNN,0.0,0.0,0.005092366075424156
NS,0.0,0.0,0.0236587538174398
normNS,0.0,0.0,0.02203230689385261
NT,0.0,0.0,0.0062945785062792645
normNT,0.0,0.0,0.006806215625368914
NW,0.0,0.0,6.960553889889554e-73
normNW,0.0,0.0,1.775035637639971e-72
PD,0.0,0.0,0.00024286468021157584
normPD,0.0,0.0,0.0005481799704546232
PH,0.0,0.0,9.110330397017917e-08
normPH,0.0,0.0,2.0303714052987266e-07
PL,0.0,0.0,9.7861064179375e-10
normPL,0.0,0.0,7.469494426626347e-10
PN,0.0,0.0,4.6551531365109955e-05
normPN,0.0,0.0,3.587202105293007e-05
PR,0.0,0.0,0.00357556107289951
normPR,0.0,0.0,0.002898787273250214
PS,0.0,0.0,0.0037536930930269306
normPS,0.0,0.0,0.0035891816085524236
PV,0.0,0.0,1.4882107921235233e-05
normPV,0.0,0.0,1.3953842226927926e-05
PW,0.0,0.0,2.486776461616078e-15
normPW,0.0,0.0,1.5783276896185581e-15
PY,0.0,0.0,0.0003165012319877329
normPY,0.0,0.0,0.00026976525369857673
QD,0.0,0.0,2.5060974610829717e-05
normQD,0.0,0.0,3.0065851456912e-05
QF,0.0,0.0,0.0007339446866689169
normQF,0.0,0.0,0.0007382123447183098
QG,0.0,0.0,0.0005856125148743901
normQG,0.0,0.0,0.0006300014761545132
QH,0.0,0.0,4.3731572051932765e-18
normQH,0.0,0.0,4.7806776907128775e-18
QI,0.0,0.0,0.01098980027338464
normQI,0.0,0.0,0.010972489546285949
QL,0.0,0.0,0.025734812077666844
normQL,0.0,0.0,0.023583615306091717
QN,0.0,0.0,8.164999500790711e-06
normQN,0.0,0.0,1.157124946577403e-05
QQ,0.0,0.0,0.00015030399405693978
normQQ,0.0,0.0,0.000142331571690243
QR,0.0,0.0,5.110425547380724e-10
normQR,0.0,0.0,5.056295054166205e-10
QT,0.0,0.0,8.427204241823719e-05
normQT,0.0,0.0,7.966080322159073e-05
QV,0.0,0.0,0.00011561758937647751
normQV,0.0,0.0,0.00011738382042179122
QW,0.0,0.0,9.315883225637083e-38
normQW,0.0,0.0,4.3549592796585583e-38
RA,0.0,0.0,1.8074427170390362e-05
normRA,0.0,0.0,1.6325459523609557e-05
RC,0.0,0.0,0.001958765460705161
normRC,0.0,0.0,0.0017219072712743814
RF,0.0,0.0,3.058108316045965e-05
normRF,0.0,0.0,4.2456173726894607e-05
RH,0.0,0.0,7.213596053475627e-06
normRH,0.0,0.0,7.08381541971381e-06
RI,0.0,0.0,0.000122638541965215
normRI,0.0,0.0,0.000125387545930643
RL,0.0,0.0,0.005973191262231639
normRL,0.0,0.0,0.005795346530579002
RM,0.0,0.0,0.021283450245000685
normRM,0.0,0.0,0.024898337663444552
RQ,0.0,0.0,0.0015954337662345177
normRQ,0.0,0.0,0.0014526986051441675
RR,0.0,0.0,9.666552349924245e-13
normRR,0.0,0.0,1.6738570145157024e-12
RS,0.0,0.0,0.00743800745234087
normRS,0.0,0.0,0.0068148822619975066
RV,0.0,0.0,0.00030980488073481657
normRV,0.0,0.0,0.0004155665164372693
RW,0.0,0.0,1.1735542582997919e-49
normRW,0.0,0.0,4.93867817137504e-50
RY,0.0,0.0,2.0445885832691846e-06
normRY,0.0,0.0,6.596758106091657e-06
SC,0.0,0.0,0.00022632387055423618
normSC,0.0,0.0,0.0002343961997408832
SD,0.0,0.0,0.0009540631475882496
normSD,0.0,0.0,0.0036135186099515615
SF,0.0,0.0,1.4210753566431756e-07
normSF,0.0,0.0,2.0055897489357429e-07
SH,0.0,0.0,1.6606005662298986e-09
normSH,0.0,0.0,4.1949335562765075e-09
SI,0.0,0.0,0.047986920120458056
normSI,0.0,0.0,0.04714645520479928
SK,0.0,0.0,0.0348725855583009
normSK,0.0,0.0,0.035255387679183806
SM,0.0,0.0,0.0011495689984857504
normSM,0.0,0.0,0.0009915180504074393
SQ,0.0,0.0,0.020978732304040112
normSQ,0.0,0.0,0.017688702843126753
SR,0.0,0.0,2.919206056908176e-08
normSR,0.0,0.0,3.995286846838286e-08
SS,0.0,0.0,0.017696433428750435
normSS,0.0,0.0,0.017486578098290684
SV,0.0,0.0,7.969021771995415e-07
normSV,0.0,0.0,7.486769611790325e-07
SW,0.0,0.0,3.1954646142160615e-39
normSW,0.0,0.0,7.254629767426739e-39
SY,0.0,0.0,0.029958804946489188
normSY,0.0,0.0,0.02329218373945607
TA,0.0,0.0,0.0004500989914092735
normTA,0.0,0.0,0.00038369674050155455
TC,0.0,0.0,0.00038709270954308885
normTC,0.0,0.0,0.0003203127865480981
TF,0.0,0.0,6.9925265278819355e-06
normTF,0.0,0.0,7.697685815380346e-06
TG,0.0,0.0,0.00012440865974528006
normTG,0.0,0.0,0.0001312145435659894
TH,0.0,0.0,1.1935758799454903e-10
normTH,0.0,0.0,1.1313192553197471e-10
TM,0.0,0.0,8.25697876095926e-06
normTM,0.0,0.0,8.485091703870594e-06
TR,0.0,0.0,7.010875774852213e-09
normTR,0.0,0.0,6.7282937440486606e-09
TV,0.0,0.0,5.6576572416013334e-15
normTV,0.0,0.0,1.6503071603086442e-14
TW,0.0,0.0,4.032619921448011e-34
normTW,0.0,0.0,5.580851620210745e-34
TY,0.0,0.0,0.02130513081909893
normTY,0.0,0.0,0.018392340036069717
VA,0.0,0.0,1.2139353502228377e-09
normVA,0.0,0.0,1.1121607297105163e-09
VC,0.0,0.0,6.431359754249307e-09
normVC,0.0,0.0,8.774476432022508e-09
VD,0.0,0.0,0.0019128330203993817
normVD,0.0,0.0,0.0018442621083477975
VE,0.0,0.0,0.008367277990379033
normVE,0.0,0.0,0.00817695843138439
VF,0.0,0.0,2.7118347981049796e-18
normVF,0.0,0.0,1.3752805805532086e-17
VG,0.0,0.0,3.1766080846528963e-06
normVG,0.0,0.0,3.4621138618416277e-06
VH,0.0,0.0,3.0012341745297767e-18
normVH,0.0,0.0,2.5450362611776936e-17
VI,0.0,0.0,3.1446300544720514e-06
normVI,0.0,0.0,3.1172980638356603e-06
VK,0.0,0.0,0.00016086998713453303
normVK,0.0,0.0,0.00012575327198757156
VL,0.0,0.0,0.024165283308613665
normVL,0.0,0.0,0.022131339903874687
VM,0.0,0.0,5.953634492863489e-10
normVM,0.0,0.0,7.328626043901103e-10
VN,0.0,0.0,8.842290482320759e-05
normVN,0.0,0.0,7.781105923388268e-05
VP,0.0,0.0,2.3422255478880693e-08
normVP,0.0,0.0,2.4316484356169032e-08
VQ,0.0,0.0,1.3159009897363978e-08
normVQ,0.0,0.0,1.382249169208754e-08
VR,0.0,0.0,1.0677599703853961e-12
normVR,0.0,0.0,1.5661716208466249e-12
VT,0.0,0.0,1.6563960891663598e-05
normVT,0.0,0.0,1.7216226038024916e-05
VV,0.0,0.0,0.0024870292936397783
normVV,0.0,0.0,0.002383419147980197
VW,0.0,0.0,5.168339017805221e-43
normVW,0.0,0.0,3.150275277441464e-43
VY,0.0,0.0,0.0022479727244823352
normVY,0.0,0.0,0.002279088177700032
WA,0.0,0.0,0.00015407057559126063
normWA,0.0,0.0,0.00016040670976154902
WG,0.0,0.0,0.024383209981382225
normWG,0.0,0.0,0.022989637954378705
WK,0.0,0.0,0.008912166305819516
normWK,0.0,0.0,0.008403138125049706
WL,0.0,0.0,0.0015296402644066436
normWL,0.0,0.0,0.0014459586915124107
WP,0.0,0.0,0.0009522001782795823
normWP,0.0,0.0,0.001006142304020891
WS,0.0,0.0,6.896552082920154e-08
normWS,0.0,0.0,7.089347946443689e-08
WV,0.0,0.0,2.0046369487117267e-06
normWV,0.0,0.0,1.943282315728465e-06
WW,0.0,0.0,2.334318034069068e-31
normWW,0.0,0.0,1.3502234993922354e-31
YA,0.0,0.0,0.0033657672578411616
normYA,0.0,0.0,0.0032165773605879306
YC,0.0,0.0,0.0002919679141100549
normYC,0.0,0.0,0.0002884898099551155
YF,0.0,0.0,1.4920230385783195e-10
normYF,0.0,0.0,1.7721543961056452e-10
YH,0.0,0.0,1.260048653289488e-09
normYH,0.0,0.0,1.3887653102478855e-09
YL,0.0,0.0,0.030857554449879972
normYL,0.0,0.0,0.02957356046612755
YP,0.0,0.0,0.015222811222856097
normYP,0.0,0.0,0.015480359704615183
YQ,0.0,0.0,0.0052291124805312035
normYQ,0.0,0.0,0.005702866360931469
YR,0.0,0.0,5.751958162110295e-08
normYR,0.0,0.0,6.315174579105095e-08
nC,126.0,121.0,9.360098382953842e-05
normnC,0.3139356814701378,0.3115942028985507,6.6031655626271266e-09
nH,202.0,192.0,1.4832224320764215e-06
normnH,0.5034013605442177,0.49178399228543873,6.3041445485847795e-71
normnN,0.08497377870779399,0.088098540434492,2.7121898999507258e-24
normnO,0.0917874396135265,0.09351975433228074,0.008753228085238726
nS,1.0,4.0,1.9273590842871357e-198
normnS,0.0027063649014868497,0.01095690869509535,4.894002840580118e-231
total_elements,402.0,389.0,0.0009008095749038401
AAC,0.0,0.0,0.0024394509221368796
AAE,0.0,0.0,0.04038729126486157
AAG,0.0,0.0,0.002768448450007662
AAI,0.0,0.0,0.005315693205662114
AAN,0.0,0.0,8.634599053289258e-05
AAS,0.0,0.0,0.0004961757161752655
AAV,0.0,0.0,1.2209020035375561e-05
AAW,0.0,0.0,0.03471961394950573
AAY,0.0,0.0,0.0006522740565840841
ACA,0.0,0.0,0.009214703029389138
ACC,0.0,0.0,4.057073793779418e-08
ACD,0.0,0.0,0.03857626422885705
ACE,0.0,0.0,0.04937858263743399
ACG,0.0,0.0,0.0005704116549471277
ACI,0.0,0.0,0.012326262194305524
ACK,0.0,0.0,0.007617354326524694
ACN,0.0,0.0,0.0003609457629413094
ACP,0.0,0.0,0.0074562427863879505
ACR,0.0,0.0,2.0790324353215696e-06
ACS,0.0,0.0,0.0008736880083707023
ACT,0.0,0.0,0.0010346203509871235
ACW,0.0,0.0,0.004653546553255871
ACY,0.0,0.0,9.342171369300278e-05
ADC,0.0,0.0,0.00641577660976745
ADG,0.0,0.0,0.01604510615192424
ADW,0.0,0.0,0.025305068469293014
AEC,0.0,0.0,0.00013975465503210556
AEE,0.0,0.0,0.0026584457004600968
AEG,0.0,0.0,0.007961200149549284
AEI,0.0,0.0,0.023104752411201423
AEL,0.0,0.0,0.004598950120149093
AEM,0.0,0.0,0.03476636556302631
AEP,0.0,0.0,0.015941423611609277
AEQ,0.0,0.0,0.03452383184183966
AER,0.0,0.0,0.0405390817330027
AET,0.0,0.0,0.004214946170123812
AEV,0.0,0.0,0.016097170288803513
AFA,0.0,0.0,0.02766877995765995
AFC,0.0,0.0,0.049625158968838415
AFF,0.0,0.0,0.025181141112378465
AFG,0.0,0.0,0.00244663850561495
AFL,0.0,0.0,5.7989226955532e-05
AFR,0.0,0.0,0.0016041386753878663
AFS,0.0,0.0,0.03476636771374782
AGC,0.0,0.0,0.01727444740829546
AGP,0.0,0.0,0.04950995307147402
AGV,0.0,0.0,0.0017427473385187593
AGY,0.0,0.0,0.000624416633806798
AHD,0.0,0.0,0.025305068469293014
AHH,0.0,0.0,0.025305068469293014
AHM,0.0,0.0,0.04546131201345885
AIA,0.0,0.0,0.006458046315849535
AIC,0.0,0.0,0.04846523240829175
AIE,0.0,0.0,0.03836658160253702
AIF,0.0,0.0,3.995176876166823e-06
AII,0.0,0.0,0.00023086025086689293
AIL,0.0,0.0,0.0022356587644144685
AIT,0.0,0.0,0.04955300245230161
AKC,0.0,0.0,0.033355576980041025
AKK,0.0,0.0,0.02988292305348849
AKR,0.0,0.0,0.0015622625104889838
ALA,0.0,0.0,0.008534496683547
ALF,0.0,0.0,0.00015725436118557164
ALG,0.0,0.0,0.03658933747833456
ALH,0.0,0.0,0.0028119145291336045
ALI,0.0,0.0,0.004335552292022538
ALL,0.0,0.0,0.004076001320181389
ALV,0.0,0.0,1.5571049210624719e-09
AMA,0.0,0.0,0.038802566078210664
AMC,0.0,0.0,0.008119799140647099
AMQ,0.0,0.0,0.019542482658105518
ANC,0.0,0.0,0.011349070217021869
AND,0.0,0.0,0.0072886180025755615
ANL,0.0,0.0,0.04082904876290164
ANN,0.0,0.0,0.04975708794315195
ANQ,0.0,0.0,0.01247009743938241
ANS,0.0,0.0,0.01829369801036524
ANY,0.0,0.0,0.006630502083701395
APC,0.0,0.0,6.047203845935647e-05
APE,0.0,0.0,0.013975190139536374
API,0.0,0.0,0.01815976192814702
APV,0.0,0.0,0.000662899475774773
AQK,0.0,0.0,0.0005630421798863335
AQL,0.0,0.0,0.001038469815913293
AQR,0.0,0.0,0.0323921601128506
AQV,0.0,0.0,0.01634914207280205
ARC,0.0,0.0,0.0010226870590356006
ARE,0.0,0.0,0.004512667908250945
ASC,0.0,0.0,0.0019273672391709957
ASD,0.0,0.0,0.013680226227528661
ASG,0.0,0.0,0.04611168481730057
ASL,0.0,0.0,0.023672352298281824
ASQ,0.0,0.0,0.011441440616895508
ASR,0.0,0.0,0.00197509753188816
ASV,0.0,0.0,0.002982835612559163
ATA,0.0,0.0,0.0004056174548992877
ATE,0.0,0.0,0.020708467134609127
ATF,0.0,0.0,0.04857311198866261
ATI,0.0,0.0,0.0006560877836785138
ATL,0.0,0.0,0.0005815516249816765
ATV,0.0,0.0,2.084724164291436e-05
AVA,0.0,0.0,0.0008495306383124241
AVE,0.0,0.0,0.011492886115824658
AVG,0.0,0.0,0.017532110042331694
AVI,0.0,0.0,0.0003509338640249414
AVM,0.0,0.0,0.02077155791704324
AVP,0.0,0.0,0.002970454775560027
AVT,0.0,0.0,0.03230832064235147
AVV,0.0,0.0,0.00015250354647540398
AWC,0.0,0.0,0.014267878743686537
AWD,0.0,0.0,0.03257217258954301
AWQ,0.0,0.0,0.04546131201345885
AWY,0.0,0.0,0.04546130498576349
AYA,0.0,0.0,0.00385327048423617
AYC,0.0,0.0,0.044918361883938496
AYH,0.0,0.0,0.04546131201345885
AYL,0.0,0.0,3.6438365805844e-05
AYP,0.0,0.0,0.008119799436438865
AYS,0.0,0.0,0.0038519929468572075
AYY,0.0,0.0,0.025305068469293014
CAA,0.0,0.0,0.00023086016910937315
CAC,0.0,0.0,0.001681007108041873
CAD,0.0,0.0,0.005170095588733006
CAG,0.0,0.0,0.00011011277708202529
CAH,0.0,0.0,0.012254117444276723
CAK,0.0,0.0,0.033488421491936746
CAM,0.0,0.0,0.011337990045225356
CAN,0.0,0.0,0.0016615725945508496
CAP,0.0,0.0,0.002670331967640229
CAQ,0.0,0.0,0.028676734694360637
CAR,0.0,0.0,0.0016643938876264423
CAT,0.0,0.0,0.047604032251683276
CAV,0.0,0.0,0.0024566219714472655
CAW,0.0,0.0,6.1931527935776e-05
CAY,0.0,0.0,0.03476636771374782
CCA,0.0,0.0,3.2662366752278516e-12
CCC,0.0,0.0,2.5910164027134358e-05
CCD,0.0,0.0,1.5749684398535145e-18
CCE,0.0,0.0,3.8935928934689926e-18
CCF,0.0,0.0,5.282762180431864e-08
CCG,0.0,0.0,2.3565890021996426e-36
CCH,0.0,0.0,4.632178868500825e-11
CCI,0.0,0.0,1.1366693357650578e-06
CCK,0.0,0.0,1.9408904449857636e-15
CCL,0.0,0.0,4.1129332831829516e-10
CCM,0.0,0.0,2.6113561981398886e-06
CCN,0.0,0.0,1.2393284821128981e-15
CCP,0.0,0.0,5.1318208614952565e-36
CCQ,0.0,0.0,1.9233941323075567e-09
CCR,0.0,0.0,4.143664490031402e-17
CCS,0.0,0.0,9.414964375544403e-69
CCT,0.0,0.0,4.507857525765956e-17
CCV,0.0,0.0,5.013253300834525e-10
CCW,0.0,0.0,1.9058698219950347e-07
CCY,0.0,0.0,8.491726918481679e-11
CDA,0.0,0.0,0.0002010703212832049
CDC,0.0,0.0,6.298046316379342e-07
CDD,0.0,0.0,2.9595332226841524e-07
CDE,0.0,0.0,0.0015792856065678425
CDF,0.0,0.0,0.004653546553255871
CDG,0.0,0.0,1.645061220349045e-10
CDI,0.0,0.0,0.0006310306532369383
CDL,0.0,0.0,0.02502893588085848
CDP,0.0,0.0,1.6534688418847532e-07
CDR,0.0,0.0,0.014084679498959668
CDS,0.0,0.0,4.731922323759559e-06
CDT,0.0,0.0,0.049394990182292826
CDV,0.0,0.0,0.04947985471505523
CDW,0.0,0.0,0.0005254464489373595
CDY,0.0,0.0,0.003866066949125804
CEC,0.0,0.0,0.00011943551558617884
CED,0.0,0.0,5.6501882875517004e-05
CEE,0.0,0.0,5.297214084122754e-07
CEF,0.0,0.0,0.0013276558924157566
CEG,0.0,0.0,1.1088225843006402e-05
CEH,0.0,0.0,0.04048851548881571
CEP,0.0,0.0,5.370074415037935e-06
CEQ,0.0,0.0,0.0017295862514842642
CER,0.0,0.0,0.018234994928247244
CES,0.0,0.0,0.010300530953368222
CET,0.0,0.0,0.011460371370021535
CEW,0.0,0.0,0.011330607889453349
CFA,0.0,0.0,0.02873423602903142
CFF,0.0,0.0,0.0006313880808540913
CFG,0.0,0.0,1.4601946242232157e-05
CFI,0.0,0.0,0.01206271343701809
CFN,0.0,0.0,0.001552257409816514
CFP,0.0,0.0,0.004193410279593521
CFT,0.0,0.0,0.0009899582871526842
CGC,0.0,0.0,0.005221901868001271
CGD,0.0,0.0,0.00014709284685594247
CGF,0.0,0.0,0.0014230288607251296
CGG,0.0,0.0,8.5947789727285e-08
CGI,0.0,0.0,5.1935627305297325e-06
CGK,0.0,0.0,1.3307768851245004e-06
CGL,0.0,0.0,0.00014260578049657218
CGN,0.0,0.0,0.03144901469215937
CGP,0.0,0.0,9.02436731202243e-06
CGQ,0.0,0.0,0.011438739218952039
CGR,0.0,0.0,4.262362879968414e-05
CGS,0.0,0.0,0.0014844704985866916
CGT,0.0,0.0,0.00014087194519324037
CGW,0.0,0.0,1.1422181984503224e-05
CGY,0.0,0.0,2.59463293659658e-06
CHC,0.0,0.0,0.0017215087965231652
CHD,0.0,0.0,0.012413825353151041
CHE,0.0,0.0,0.0005254467804853693
CHH,0.0,0.0,0.04546131025654111
CHL,0.0,0.0,0.0181055959445378
CHM,0.0,0.0,0.025305067516582378
CHP,0.0,0.0,2.366785962805838e-08
CHQ,0.0,0.0,0.04546131201345885
CHR,0.0,0.0,0.012463051510417033
CHS,0.0,0.0,0.019511074387193385
CHY,0.0,0.0,0.033782324140889615
CIA,0.0,0.0,0.004202208381451344
CIC,0.0,0.0,0.011065365980359046
CID,0.0,0.0,0.00022979298786580374
CIE,0.0,0.0,0.00023354866042608408
CIG,0.0,0.0,5.905223692226957e-05
CIH,0.0,0.0,0.03384658746622022
CII,0.0,0.0,0.006586569526141464
CIK,0.0,0.0,0.020064374633436896
CIL,0.0,0.0,0.007573389443662975
CIN,0.0,0.0,0.0010672046286202956
CIP,0.0,0.0,3.3643609015854813e-06
CIT,0.0,0.0,0.012269770438423306
CIV,0.0,0.0,0.0074262345480312665
CIW,0.0,0.0,0.033771622529105046
CKA,0.0,0.0,6.359031397920962e-05
CKC,0.0,0.0,7.007557684436456e-11
CKE,0.0,0.0,0.04089453289748173
CKF,0.0,0.0,0.00015854952452785652
CKG,0.0,0.0,6.862853024883393e-09
CKH,0.0,0.0,0.005937910493806207
CKK,0.0,0.0,0.0018025552048743137
CKL,0.0,0.0,0.00016797813277979876
CKM,0.0,0.0,0.002681719754057744
CKN,0.0,0.0,0.0016833170370126257
CKP,0.0,0.0,0.00022626958312892863
CKQ,0.0,0.0,0.033387417743655355
CKS,0.0,0.0,0.0020634996729573993
CKY,0.0,0.0,4.050408728764787e-07
CLC,0.0,0.0,0.0010405063162244326
CLD,0.0,0.0,0.014160029694883322
CLF,0.0,0.0,0.007547731944484091
CLG,0.0,0.0,1.4379485268788144e-05
CLH,0.0,0.0,0.033718162287338704
CLK,0.0,0.0,0.0411939713046905
CLP,0.0,0.0,6.839432765531429e-11
CLS,0.0,0.0,1.8679034125517748e-05
CLT,0.0,0.0,0.0325936436379482
CLW,0.0,0.0,0.025305068469293014
CLY,0.0,0.0,0.020800291238949803
CMC,0.0,0.0,0.0001579004151016954
CME,0.0,0.0,0.025305067516582378
CMG,0.0,0.0,0.002642726172976047
CMN,0.0,0.0,3.2136178385624456e-07
CMP,0.0,0.0,0.0013258733317996678
CMT,0.0,0.0,0.0005254467804853693
CNA,0.0,0.0,0.027333409956943777
CNC,0.0,0.0,6.015024369558157e-05
CND,0.0,0.0,0.0009492449915650449
CNE,0.0,0.0,0.0028101601703542874
CNG,0.0,0.0,5.06451312812956e-06
CNH,0.0,0.0,0.0026817199455771777
CNI,0.0,0.0,0.008017807022345782
CNK,0.0,0.0,0.0381090636589432
CNL,0.0,0.0,4.2685320412981536e-05
CNM,0.0,0.0,0.014267878216512632
CNN,0.0,0.0,0.004529430026862513
CNP,0.0,0.0,1.932290708028787e-06
CNR,0.0,0.0,0.0009062705195320873
CNS,0.0,0.0,0.005902019246461826
CNV,0.0,0.0,0.0027876081270886612
CNW,0.0,0.0,0.011345374868711157
CPA,0.0,0.0,3.4254649167988395e-05
CPC,0.0,0.0,0.0004581388513414395
CPD,0.0,0.0,0.0003951050500506599
CPE,0.0,0.0,0.00015029813829494032
CPF,0.0,0.0,0.0013187665235550646
CPG,0.0,0.0,9.079696276576089e-10
CPH,0.0,0.0,0.0013249833108794897
CPI,0.0,0.0,0.03898284909067882
CPM,0.0,0.0,0.006602221074724109
CPN,0.0,0.0,0.00012654781382277202
CPP,0.0,0.0,1.4443720727493005e-12
CPS,0.0,0.0,2.0699760729899406e-06
CPT,0.0,0.0,0.015594575894564597
CPW,0.0,0.0,2.9440051823370053e-07
CPY,0.0,0.0,0.004423118670792899
CQA,0.0,0.0,0.004430885186634772
CQC,0.0,0.0,0.00023193214621794098
CQF,0.0,0.0,0.025305068469293014
CQG,0.0,0.0,5.155959206116638e-05
CQH,0.0,0.0,0.04546131025654111
CQP,0.0,0.0,0.0199301632038379
CQQ,0.0,0.0,0.019599129653336753
CQS,0.0,0.0,0.021540849583683356
CQT,0.0,0.0,0.011374961701585286
CQW,0.0,0.0,0.002681719658298472
CRA,0.0,0.0,0.002446638562941433
CRC,0.0,0.0,5.399569870033063e-06
CRD,0.0,0.0,9.574166617044262e-05
CRE,0.0,0.0,7.17515318396178e-05
CRF,0.0,0.0,3.609312474829417e-05
CRG,0.0,0.0,0.00012707606670561274
CRK,0.0,0.0,9.27858439091514e-05
CRL,0.0,0.0,0.00012768946739823674
CRN,0.0,0.0,0.011050622674723556
CRP,0.0,0.0,4.945331979558197e-07
CRR,0.0,0.0,0.002092986124533513
CRS,0.0,0.0,0.002437057741074865
CRT,0.0,0.0,0.00024995095266254686
CRW,0.0,0.0,9.412911145461262e-05
CRY,0.0,0.0,1.9362511030612466e-06
CSA,0.0,0.0,0.005888934158678709
CSC,0.0,0.0,0.000516046792046251
CSD,0.0,0.0,3.421986563607357e-09
CSE,0.0,0.0,1.271749802975502e-05
CSG,0.0,0.0,3.255200884959266e-27
CSH,0.0,0.0,1.3144174495533572e-08
CSK,0.0,0.0,0.00010610934074047297
CSL,0.0,0.0,0.00039500914236427736
CSN,0.0,0.0,2.5259664489016536e-11
CSP,0.0,0.0,1.4559552622926636e-05
CSQ,0.0,0.0,0.0003924304751992922
CSR,0.0,0.0,0.0002762195864614997
CSS,0.0,0.0,8.06963692005575e-11
CST,0.0,0.0,0.001301568325298239
CSW,0.0,0.0,0.02143817539767829
CSY,0.0,0.0,0.012915372149314215
CTD,0.0,0.0,3.064185889580184e-05
CTF,0.0,0.0,0.012282305266050128
CTG,0.0,0.0,4.191157817041452e-10
CTH,0.0,0.0,3.6438367061870976e-05
CTL,0.0,0.0,0.0024471905600536785
CTM,0.0,0.0,0.004653546888564082
CTN,0.0,0.0,0.010886654804026218
CTP,0.0,0.0,5.4434444410121997e-14
CTQ,0.0,0.0,0.0009503993925058299
CTR,0.0,0.0,0.0010077627178473924
CTS,0.0,0.0,5.679715001482806e-06
CTT,0.0,0.0,0.001029018412892539
CTW,0.0,0.0,0.03466357968076007
CTY,0.0,0.0,0.0006475610041901485
CVC,0.0,0.0,0.03483833269725738
CVD,0.0,0.0,0.00023166371373584672
CVE,0.0,0.0,0.020800289853124338
CVF,0.0,0.0,0.01611803448288337
CVG,0.0,0.0,1.1050395658091305e-08
CVH,0.0,0.0,0.025305068469293014
CVK,0.0,0.0,0.025081331794536962
CVL,0.0,0.0,0.00015322840239242493
CVM,0.0,0.0,0.014267878216512632
CVN,0.0,0.0,0.04905193189283132
CVP,0.0,0.0,0.0003233996685384784
CVR,0.0,0.0,0.02163532461185389
CVV,0.0,0.0,0.020024526120638993
CVY,0.0,0.0,0.0003755315927124481
CWE,0.0,0.0,0.008119799140647099
CWF,0.0,0.0,0.025305068469293014
CWG,0.0,0.0,0.007571413043981598
CWK,0.0,0.0,0.019498522373287915
CWN,0.0,0.0,0.03465424868615204
CWP,0.0,0.0,0.0015522576849473257
CWS,0.0,0.0,0.003869913438735675
CWT,0.0,0.0,0.033825153060190544
CWV,0.0,0.0,0.033739537982749125
CYA,0.0,0.0,0.02076007338035051
CYC,0.0,0.0,2.0178031315958055e-07
CYD,0.0,0.0,0.0009017570923741749
CYG,0.0,0.0,1.7467471012329432e-06
CYK,0.0,0.0,0.0002200137406771723
CYN,0.0,0.0,0.0002327390130849411
CYP,0.0,0.0,1.9413262517510383e-06
CYR,0.0,0.0,0.0065641037018914815
CYS,0.0,0.0,0.0015892688897178133
CYW,0.0,0.0,0.025305068469293014
DAC,0.0,0.0,0.000232402511894489
DAF,0.0,0.0,0.019561347310315187
DAK,0.0,0.0,0.04479310437707918
DAL,0.0,0.0,0.004345715024000235
DAQ,0.0,0.0,0.004443878704341149
DAR,0.0,0.0,0.0038507157942989463
DCC,0.0,0.0,6.7855740205853076e-40
DCD,0.0,0.0,0.004635606402076141
DCE,0.0,0.0,0.019851002944030097
DCG,0.0,0.0,0.001527398273524821
DCH,0.0,0.0,0.012452487905811209
DCI,0.0,0.0,9.326164845757813e-05
DCL,0.0,0.0,0.007860531459336576
DCP,0.0,0.0,0.00024452511889275696
DCQ,0.0,0.0,0.0041197762655961956
DCS,0.0,0.0,0.005974342357099807
DCT,0.0,0.0,0.005233840070594903
DCW,0.0,0.0,0.025305067516582378
DCY,0.0,0.0,0.0006394796284200539
DDC,0.0,0.0,8.405994756412073e-10
DDH,0.0,0.0,0.04546131201345885
DDM,0.0,0.0,0.025305068469293014
DEA,0.0,0.0,0.0285429399857793
DEC,0.0,0.0,5.92994962814676e-08
DEE,0.0,0.0,0.016120382263918393
DEI,0.0,0.0,0.0038468861639254118
DEV,0.0,0.0,0.0017287956668372764
DFC,0.0,0.0,0.00020340472988684735
DFD,0.0,0.0,0.004521600423021145
DFG,0.0,0.0,0.004460821844656883
DFM,0.0,0.0,0.033728847238522354
DFP,0.0,0.0,0.01951735215819933
DGC,0.0,0.0,4.116560464711254e-07
DGD,0.0,0.0,0.006660437808924865
DGR,0.0,0.0,0.00026462436110081655
DGY,0.0,0.0,0.006956555481371878
DHQ,0.0,0.0,0.025305066563867332
DHR,0.0,0.0,0.014267878216512632
DIC,0.0,0.0,0.007152396413465298
DII,0.0,0.0,0.0038177774280091013
DIK,0.0,0.0,0.04513101195553619
DIN,0.0,0.0,0.0005520126850343745
DIR,0.0,0.0,0.020748595070868736
DIT,0.0,0.0,0.03452383237703179
DIV,0.0,0.0,0.012201303632272072
DKA,0.0,0.0,0.006068888644469509
DKC,0.0,0.0,0.006823271735634297
DLC,0.0,0.0,7.83434625355595e-06
DLF,0.0,0.0,0.016166818178987137
DLG,0.0,0.0,0.000573194287641066
DLI,0.0,0.0,0.007637507056266212
DLK,0.0,0.0,0.0006425477717982734
DLL,0.0,0.0,0.016277083177153366
DLR,0.0,0.0,0.011438739077327804
DMC,0.0,0.0,0.000776566068511361
DMP,0.0,0.0,0.014267878743686537
DNE,0.0,0.0,0.012441933552071434
DNI,0.0,0.0,0.007490671183607016
DNR,0.0,0.0,0.04546131201345885
DPC,0.0,0.0,1.8695956080655926e-05
DPF,0.0,0.0,0.0075812978166173665
DPL,0.0,0.0,0.04515038428427743
DPR,0.0,0.0,0.009087427494386912
DPT,0.0,0.0,0.04485087820744791
DQC,0.0,0.0,0.007430513690114152
DQI,0.0,0.0,0.03371816156329529
DRC,0.0,0.0,0.01834835608816058
DRV,0.0,0.0,0.032212988593070896
DSC,0.0,0.0,0.00015079522574754558
DSE,0.0,0.0,0.00024841288877924485
DSL,0.0,0.0,0.021438196676231716
DTC,0.0,0.0,0.008125537668594923
DTH,0.0,0.0,0.04546131201345885
DTQ,0.0,0.0,0.0195865277255311
DVC,0.0,0.0,0.011525482423419199
DVL,0.0,0.0,0.0016899840993732798
DVQ,0.0,0.0,0.012484200101655997
DWC,0.0,0.0,0.004430885186634772
DWL,0.0,0.0,0.019915296589819734
DYC,0.0,0.0,3.2532884161289084e-05
EAA,0.0,0.0,0.018791308795290534
EAC,0.0,0.0,1.8399217229133056e-05
EAF,0.0,0.0,0.045218248138281215
EAI,0.0,0.0,0.022863644607920546
EAL,0.0,0.0,4.118676964157838e-06
EAN,0.0,0.0,0.020811794472986894
EAQ,0.0,0.0,0.019984747778306017
EAR,0.0,0.0,0.03208884845249904
ECC,0.0,0.0,1.5907113380748839e-35
ECD,0.0,0.0,0.0009434924449334246
ECE,0.0,0.0,8.472296707294833e-07
ECH,0.0,0.0,0.034728959974225225
ECI,0.0,0.0,0.01149288625795053
ECL,0.0,0.0,0.006693842918318767
ECN,0.0,0.0,0.007577342936494487
ECP,0.0,0.0,0.003867348436660708
ECR,0.0,0.0,1.4372851604518793e-06
ECS,0.0,0.0,0.0010503001997992979
ECT,0.0,0.0,9.348029295957436e-05
ECV,0.0,0.0,0.00033856844139467957
ECW,0.0,0.0,0.006626142917583166
ECY,0.0,0.0,0.011315857977701772
EDC,0.0,0.0,6.184445474255612e-05
EEC,0.0,0.0,3.136670099839122e-11
EEE,0.0,0.0,0.04119015480107247
EEL,0.0,0.0,0.032135824936118204
EEM,0.0,0.0,0.03471026738748411
EEP,0.0,0.0,0.006613085697331628
EEY,0.0,0.0,0.012096037408209507
EFC,0.0,0.0,2.5687356392676435e-05
EFH,0.0,0.0,0.004653546050294363
EFR,0.0,0.0,0.03244685879393054
EFV,0.0,0.0,0.012235360246807946
EGC,0.0,0.0,9.678411847692624e-05
EGG,0.0,0.0,0.015524084881059007
EHE,0.0,0.0,0.032314151244201915
EHR,0.0,0.0,0.000901757251239939
EIC,0.0,0.0,0.019332486800480615
EIE,0.0,0.0,0.006587039041677864
EIF,0.0,0.0,0.020794541180948613
EIK,0.0,0.0,0.049106388031747855
EIN,0.0,0.0,0.0072289562047141405
EIR,0.0,0.0,0.03302217769507409
EKA,0.0,0.0,0.004491515590280147
EKE,0.0,0.0,0.02746510451290643
EKP,0.0,0.0,0.004430885531085731
EKQ,0.0,0.0,0.003846886452286807
EKR,0.0,0.0,0.016048573547562308
EKV,0.0,0.0,0.011438738369207948
EKW,0.0,0.0,0.04546131025654111
ELC,0.0,0.0,2.1919267028277932e-06
ELE,0.0,0.0,0.021592337997083298
ELF,0.0,0.0,0.00445690674193681
ELH,0.0,0.0,0.03465424707655998
ELI,0.0,0.0,0.032889324308401184
ELL,0.0,0.0,0.0023008564729607413
ELN,0.0,0.0,0.000658190624762253
ELP,0.0,0.0,0.0015887913526332258
ELQ,0.0,0.0,0.034616944014746326
ELR,0.0,0.0,0.0004025295926417762
ELS,0.0,0.0,0.014026960002564575
ELT,0.0,0.0,0.0044682428223434085
ELW,0.0,0.0,0.04546131201345885
EMA,0.0,0.0,0.03379302647695478
EMC,0.0,0.0,0.0022637378412646955
EMT,0.0,0.0,0.04546131201345885
ENC,0.0,0.0,0.012260377331961166
ENF,0.0,0.0,0.0013267643531523347
ENT,0.0,0.0,0.012434901498310412
EPC,0.0,0.0,6.711572318648167e-08
EPL,0.0,0.0,0.0046417813960550535
EQA,0.0,0.0,0.0005642532208369203
EQC,0.0,0.0,0.02891377493326523
EQH,0.0,0.0,0.014267878743686537
EQI,0.0,0.0,0.034691587152426075
EQL,0.0,0.0,0.006630501922621607
ERL,0.0,0.0,0.02303980902791051
ERP,0.0,0.0,0.018293698221345227
ERQ,0.0,0.0,0.020794541527337538
ERV,0.0,0.0,0.020863625416912668
ESA,0.0,0.0,0.018339937225346305
ESC,0.0,0.0,0.0005259601543273304
ESD,0.0,0.0,0.03876346902476663
ESE,0.0,0.0,0.045024579967744054
ESF,0.0,0.0,0.03480381039667122
ESK,0.0,0.0,0.03463558669711224
ESR,0.0,0.0,0.032267428778488455
EST,0.0,0.0,0.004580360870319277
ESW,0.0,0.0,0.020869388301452463
ETA,0.0,0.0,0.021536564005349857
ETI,0.0,0.0,0.003859663850638657
ETK,0.0,0.0,0.028849545209043703
ETL,0.0,0.0,0.00040273951676209855
ETR,0.0,0.0,0.011382368970201976
ETV,0.0,0.0,0.03867757217530045
EVA,0.0,0.0,0.0042474403141331855
EVC,0.0,0.0,1.8656506622657938e-05
EVD,0.0,0.0,0.032599909174196785
EVE,0.0,0.0,0.007479896792209818
EVF,0.0,0.0,0.007180151458625868
EVG,0.0,0.0,0.048771385280440956
EVI,0.0,0.0,0.0005691219338069257
EVK,0.0,0.0,0.03263753749201891
EVL,0.0,0.0,0.0009089312333856379
EVM,0.0,0.0,0.019548769697919778
EVN,0.0,0.0,0.002665580459111006
EVQ,0.0,0.0,0.019536197384631585
EVS,0.0,0.0,0.0038635044561603897
EVT,0.0,0.0,0.0024505159305199618
EVV,0.0,0.0,0.04906100351448229
EVY,0.0,0.0,0.02082330117140078
EWC,0.0,0.0,2.1466052369735167e-05
EWV,0.0,0.0,0.008119799140647099
EYC,0.0,0.0,4.730534763690226e-06
EYI,0.0,0.0,0.04546131201345885
EYK,0.0,0.0,0.00811979884485534
EYL,0.0,0.0,0.0072237125831534224
FAA,0.0,0.0,0.021357231191192646
FAC,0.0,0.0,0.03840533689423711
FAE,0.0,0.0,0.012310546786390899
FAI,0.0,0.0,0.0009486677507594677
FAP,0.0,0.0,0.011323230801180924
FCC,0.0,0.0,1.063876111319524e-07
FCD,0.0,0.0,0.007269267522462928
FCE,0.0,0.0,0.004653546720909981
FCG,0.0,0.0,0.0012092266163465112
FCI,0.0,0.0,0.001598848619530276
FCL,0.0,0.0,0.00014996765671185935
FCN,0.0,0.0,0.004233627587818285
FCQ,0.0,0.0,0.025305068469293014
FCR,0.0,0.0,0.03243105019814711
FCS,0.0,0.0,0.00166278126439283
FCT,0.0,0.0,0.012313690471844836
FDE,0.0,0.0,0.03463559152416767
FDF,0.0,0.0,0.01136755924740614
FDR,0.0,0.0,0.014267878743686537
FEA,0.0,0.0,0.0004572076027297245
FEE,0.0,0.0,0.00015903798618838676
FEG,0.0,0.0,0.020748596800099012
FEI,0.0,0.0,0.001601733159606316
FEK,0.0,0.0,0.00023470016697920573
FEN,0.0,0.0,0.019930164279940068
FEV,0.0,0.0,0.018118082116942148
FFA,0.0,0.0,0.00041059535859146445
FFC,0.0,0.0,3.293918378829331e-05
FFN,0.0,0.0,0.002661627612419665
FFS,0.0,0.0,0.04082904684218665
FFY,0.0,0.0,0.004480443014138689
FGC,0.0,0.0,5.876897169682815e-05
FGP,0.0,0.0,0.0007358202038941225
FGV,0.0,0.0,0.028734238786906927
FHV,0.0,0.0,0.04546131201345885
FIA,0.0,0.0,0.0015702094043370369
FIF,0.0,0.0,0.020869390385081205
FII,0.0,0.0,0.02913308228609235
FKI,0.0,0.0,0.006595710617455409
FKS,0.0,0.0,0.019999656937319695
FLA,0.0,0.0,3.640475982771574e-05
FLC,0.0,0.0,0.001034364999782099
FLF,0.0,0.0,0.03880256842355828
FLL,0.0,0.0,0.0004972986818570107
FLP,0.0,0.0,0.009551865528995751
FLR,0.0,0.0,0.015854853940102793
FLY,0.0,0.0,0.004441276672374641
FMN,0.0,0.0,0.04546131201345885
FNH,0.0,0.0,0.014267877689336262
FNI,0.0,0.0,0.004650440228947385
FPA,0.0,0.0,0.0010840394212297529
FPC,0.0,0.0,0.007524118426286116
FPK,0.0,0.0,0.0007744710323806181
FQL,0.0,0.0,0.0026817199455771777
FRL,0.0,0.0,0.034663577534253615
FRW,0.0,0.0,0.03384658746622022
FSD,0.0,0.0,0.03459830400984851
FSF,0.0,0.0,0.012505380245609328
FSH,0.0,0.0,0.004653546720909981
FSI,0.0,0.0,0.0006299595229474047
FSL,0.0,0.0,0.003695868682009241
FSV,0.0,0.0,0.01827690905337923
FTA,0.0,0.0,0.007471287232295382
FTD,0.0,0.0,0.03448664606957313
FTF,0.0,0.0,0.011479327362556592
FTL,0.0,0.0,0.04910638838407072
FVA,0.0,0.0,1.2846362617642526e-05
FVC,0.0,0.0,9.767418233254479e-05
FVE,0.0,0.0,0.019925208383015505
FVF,0.0,0.0,0.0007768284512589253
FVG,0.0,0.0,0.013434073711776615
FVI,0.0,0.0,0.00658057113677334
FVL,0.0,0.0,1.4229247357378111e-05
FVM,0.0,0.0,0.04546131201345885
FVP,0.0,0.0,0.01411651434738048
FVQ,0.0,0.0,0.02091556987545686
FVS,0.0,0.0,0.002653736757548694
FVV,0.0,0.0,0.004610978519473972
FWG,0.0,0.0,0.002681719754057744
FWT,0.0,0.0,0.025305068469293014
FWV,0.0,0.0,0.04546131201345885
FWW,0.0,0.0,0.04546131201345885
FYC,0.0,0.0,0.03238435148896605
FYE,0.0,0.0,0.004653546888564082
FYG,0.0,0.0,0.00015083669306325336
GAC,0.0,0.0,1.5026686483737116e-05
GAE,0.0,0.0,0.006562609260516378
GAQ,0.0,0.0,0.0006299590530041869
GAV,0.0,0.0,0.03192189144828391
GCA,0.0,0.0,0.011253075643196307
GCC,0.0,0.0,1.1274187150440506e-36
GCD,0.0,0.0,0.007202773729289775
GCE,0.0,0.0,0.0015926156158198072
GCF,0.0,0.0,0.0006340745491360609
GCH,0.0,0.0,0.00026780273972772697
GCI,0.0,0.0,0.002191778052506659
GCK,0.0,0.0,1.7047760847161272e-06
GCM,0.0,0.0,0.0026817199455771777
GCN,0.0,0.0,0.011996309111459972
GCP,0.0,0.0,2.0458253873709296e-07
GCR,0.0,0.0,0.0007316459904883231
GCS,0.0,0.0,4.467947681903226e-07
GCT,0.0,0.0,3.007977395404777e-05
GCV,0.0,0.0,0.0014026962512277163
GCW,0.0,0.0,0.0006356915134860825
GCY,0.0,0.0,1.4307390639295434e-05
GDC,0.0,0.0,1.2800160084229334e-06
GDI,0.0,0.0,0.011403665467943785
GDY,0.0,0.0,0.03373953725840023
GEC,0.0,0.0,5.2877731192459e-07
GEE,0.0,0.0,0.013313809809045559
GEP,0.0,0.0,0.016256448720375787
GFA,0.0,0.0,0.0022592079923137876
GFD,0.0,0.0,0.02012427459113087
GFE,0.0,0.0,0.016062444447044764
GGC,0.0,0.0,1.7732595277477396e-11
GGG,0.0,0.0,0.005184538371276771
GGT,0.0,0.0,0.04914838414308916
GHC,0.0,0.0,0.0006443223801044771
GHI,0.0,0.0,0.032509469829863545
GIA,0.0,0.0,0.03428389117187475
GIC,0.0,0.0,2.1355776799500177e-06
GID,0.0,0.0,0.014174561617302952
GIV,0.0,0.0,0.03908044112777951
GKC,0.0,0.0,9.108460412074957e-11
GKK,0.0,0.0,0.02086703047898661
GLC,0.0,0.0,9.630204107167797e-05
GLF,0.0,0.0,0.0048104150417891825
GLG,0.0,0.0,0.0010616966866105512
GMC,0.0,0.0,0.0002692661773894431
GMD,0.0,0.0,0.04546131025654111
GME,0.0,0.0,0.019498522373287915
GNA,0.0,0.0,0.03275693137668313
GNC,0.0,0.0,2.08221945711e-06
GNK,0.0,0.0,0.038591837453465824
GNQ,0.0,0.0,0.011374961166532294
GNV,0.0,0.0,0.0017181705571893086
GPC,0.0,0.0,0.02181170343254475
GPE,0.0,0.0,0.03476636771374782
GPQ,0.0,0.0,0.033015842467151654
GPR,0.0,0.0,0.02280189234276091
GQC,0.0,0.0,0.032423760511030776
GQL,0.0,0.0,0.02843600011927037
GQV,0.0,0.0,0.012282304557009472
GRC,0.0,0.0,3.5163054237927258e-09
GRE,0.0,0.0,0.004650440079731221
GRI,0.0,0.0,0.00605742642048699
GRN,0.0,0.0,2.402655368743327e-05
GRP,0.0,0.0,0.040914734317313094
GRR,0.0,0.0,0.004306932593443009
GRV,0.0,0.0,0.0015712952462310088
GRY,0.0,0.0,0.02081179377980186
GSC,0.0,0.0,3.0676322453649547e-10
GSI,0.0,0.0,0.018973505775557162
GTC,0.0,0.0,1.3043159864342367e-10
GTE,0.0,0.0,0.00745409504652234
GTF,0.0,0.0,0.02160091880100436
GTP,0.0,0.0,0.010503636665845346
GTQ,0.0,0.0,0.011390200613608613
GVC,0.0,0.0,1.7191598912914777e-09
GVL,0.0,0.0,0.007970807207230968
GVQ,0.0,0.0,0.012269770969799436
GVR,0.0,0.0,0.0015393538422822876
GWC,0.0,0.0,5.2658625673436736e-09
GWD,0.0,0.0,0.008119799140647099
GWE,0.0,0.0,0.004653546720909981
GWH,0.0,0.0,0.03478507964313017
GYA,0.0,0.0,0.009328315187629716
GYC,0.0,0.0,0.00020497871942246827
GYK,0.0,0.0,0.047024032602788556
GYN,0.0,0.0,0.0046702850467882934
GYR,0.0,0.0,0.012219745978977625
HCC,0.0,0.0,3.210618586865106e-12
HCG,0.0,0.0,0.025323569058664248
HCH,0.0,0.0,0.04546131201345885
HCI,0.0,0.0,0.004653546888564082
HCN,0.0,0.0,0.04546131201345885
HCP,0.0,0.0,0.00811979884485534
HCT,0.0,0.0,0.0009521332085287037
HCY,0.0,0.0,0.0026817195625387633
HDC,0.0,0.0,0.0013267642495850985
HDV,0.0,0.0,0.004653546720909981
HEC,0.0,0.0,0.006617436013609993
HED,0.0,0.0,0.0013276539926203184
HES,0.0,0.0,0.004653546888564082
HFR,0.0,0.0,0.025305067516582378
HFS,0.0,0.0,0.04546131201345885
HGC,0.0,0.0,0.019536197384631585
HGF,0.0,0.0,0.008119799140647099
HGI,0.0,0.0,0.03850625862334122
HHG,0.0,0.0,0.019498521050421245
HHI,0.0,0.0,0.003844335319899712
HHK,0.0,0.0,0.025305068469293014
HIE,0.0,0.0,0.04546131201345885
HKD,0.0,0.0,0.025305066563867332
HKE,0.0,0.0,0.032462499437759106
HKQ,0.0,0.0,8.355493252253255e-09
HKW,0.0,0.0,0.01958652462890808
HLG,0.0,0.0,0.028900916380323702
HLM,0.0,0.0,0.004653546888564082
HNA,0.0,0.0,0.04546131201345885
HNC,0.0,0.0,0.0003069569093939663
HNQ,0.0,0.0,0.02530506465843726
HPA,0.0,0.0,2.209888644401064e-05
HPC,0.0,0.0,5.500271344585544e-05
HPD,0.0,0.0,0.044937658529821324
HPR,0.0,0.0,0.006587039041677864
HRC,0.0,0.0,0.012456008225994868
HRN,0.0,0.0,0.025305067516582378
HRV,0.0,0.0,0.03476636610070734
HSC,0.0,0.0,0.00015958237242825923
HSV,0.0,0.0,0.014267877689336262
HTL,0.0,0.0,0.045451573923837287
HTV,0.0,0.0,0.014267878743686537
HVC,0.0,0.0,0.0038596639470145065
HVL,0.0,0.0,0.012505381571539164
HYC,0.0,0.0,0.014267878743686537
HYK,0.0,0.0,0.04546131201345885
HYT,0.0,0.0,0.04546131201345885
IAA,0.0,0.0,0.04771372333323805
IAC,0.0,0.0,0.02494008328658438
IAD,0.0,0.0,0.038413094674005464
IAF,0.0,0.0,0.0010451660806640463
IAL,0.0,0.0,0.006722019457916589
IAM,0.0,0.0,0.04513100976474867
IAV,0.0,0.0,0.023101686941163307
ICA,0.0,0.0,0.027531155896273637
ICC,0.0,0.0,8.429843933500796e-08
ICG,0.0,0.0,0.00018232855515356902
ICI,0.0,0.0,0.01994007849462982
ICW,0.0,0.0,0.025305068469293014
IDK,0.0,0.0,0.011449550193030074
IDL,0.0,0.0,0.0004822371174851758
IDN,0.0,0.0,0.034691585541685055
IEA,0.0,0.0,0.025076087411379254
IEI,0.0,0.0,0.0026679555689005353
IEK,0.0,0.0,0.032875814166805815
IER,0.0,0.0,0.0003069568986807282
IFE,0.0,0.0,0.03385731011267209
IFI,0.0,0.0,0.01626476870512481
IFL,0.0,0.0,0.0028310383332141075
IFN,0.0,0.0,0.01232940978973452
IFT,0.0,0.0,7.22982791819263e-05
IFV,0.0,0.0,0.008016183100878002
IGC,0.0,0.0,0.01621222816691264
IGN,0.0,0.0,0.004161292516878015
IHE,0.0,0.0,0.04546131201345885
IHY,0.0,0.0,0.014267878743686537
IIE,0.0,0.0,0.011323090070988112
IIF,0.0,0.0,0.04538341497841369
IIL,0.0,0.0,0.0014672125383123824
IIR,0.0,0.0,0.002822939286816482
IIV,0.0,0.0,0.004635895801339906
IIY,0.0,0.0,0.025305068469293014
IKA,0.0,0.0,0.013144607287810155
IKF,0.0,0.0,0.006630502083701395
IKR,0.0,0.0,0.048307945331317305
ILA,0.0,0.0,0.00031639981505707633
ILF,0.0,0.0,0.03401976216844118
ILI,0.0,0.0,5.639099549555401e-05
ILL,0.0,0.0,0.005346979086783804
ILM,0.0,0.0,0.004643017020031724
ILV,0.0,0.0,9.23348932527329e-06
ILY,0.0,0.0,2.571201680454601e-05
IMK,0.0,0.0,0.03458897677360612
IML,0.0,0.0,0.025305068469293014
IMV,0.0,0.0,0.0038609427350477406
INA,0.0,0.0,0.04962515438175893
INC,0.0,0.0,0.033846590369725246
INI,0.0,0.0,0.025305068469293014
INK,0.0,0.0,0.04576827180118881
INM,0.0,0.0,0.02530506465843726
INV,0.0,0.0,0.020049422291274578
INY,0.0,0.0,0.014267878743686537
IPC,0.0,0.0,0.021298055598541765
IPD,0.0,0.0,0.032321947377446585
IPP,0.0,0.0,0.0016575488060939975
IPS,0.0,0.0,0.027990056400112463
IPT,0.0,0.0,0.0046467276178541825
IQG,0.0,0.0,0.045519818679073634
IQR,0.0,0.0,0.012487729021879019
IQT,0.0,0.0,0.0022531812079547293
IRE,0.0,0.0,0.011626508312079753
IRL,0.0,0.0,0.009189700094699304
IRR,0.0,0.0,0.0005000986830109064
IRV,0.0,0.0,0.02783265499375157
ISG,0.0,0.0,0.026069048400867142
ISI,0.0,0.0,0.00038780300063598664
ISL,0.0,0.0,0.00218892488666864
ISN,0.0,0.0,0.048663153512217186
ISR,0.0,0.0,0.03273176277297196
ISV,0.0,0.0,0.0004589164241630453
ITA,0.0,0.0,0.004177809796723053
ITD,0.0,0.0,0.01148203882906336
ITF,0.0,0.0,0.038724405447403465
ITH,0.0,0.0,0.014267878743686537
ITL,0.0,0.0,0.006622657516416649
ITM,0.0,0.0,0.04546131201345885
ITP,0.0,0.0,0.007451949386261219
IVC,0.0,0.0,0.004626972955933008
IVI,0.0,0.0,0.03465424761308901
IVL,0.0,0.0,5.622720617415861e-07
IVN,0.0,0.0,0.0038481624509441414
IVQ,0.0,0.0,0.025305068469293014
IVV,0.0,0.0,0.0030662495825241345
IWC,0.0,0.0,0.025305067516582378
IWN,0.0,0.0,0.025305067516582378
IWT,0.0,0.0,0.04546131201345885
IYC,0.0,0.0,0.011382369505514741
IYE,0.0,0.0,0.025305068469293014
IYI,0.0,0.0,0.008119799140647099
IYP,0.0,0.0,0.034663579144132844
IYS,0.0,0.0,0.0009017571876935712
IYT,0.0,0.0,0.03459830240197924
IYV,0.0,0.0,0.0007810358411478192
KAS,0.0,0.0,0.005421518100950679
KAY,0.0,0.0,0.0026817199455771777
KCA,0.0,0.0,0.03396110030977822
KCC,0.0,0.0,1.4302810989246347e-10
KCD,0.0,0.0,9.69119808619678e-05
KCF,0.0,0.0,0.0027567842940365225
KCI,0.0,0.0,9.291009543347638e-05
KCK,0.0,0.0,3.794862101205736e-05
KCL,0.0,0.0,0.016198245455227283
KCM,0.0,0.0,1.3181312939445313e-08
KCN,0.0,0.0,0.0025044360076629645
KCQ,0.0,0.0,0.020788791469562987
KCR,0.0,0.0,0.01994487330434578
KCS,0.0,0.0,0.01069837628726927
KCT,0.0,0.0,0.0263236273548337
KCV,0.0,0.0,0.0014151765074887916
KCY,0.0,0.0,0.0076210747616266535
KDC,0.0,0.0,0.0024538447170073916
KDD,0.0,0.0,0.034747659544852684
KDL,0.0,0.0,0.006380746847296113
KEC,0.0,0.0,0.0010492648045836905
KEK,0.0,0.0,0.018778656588241693
KEP,0.0,0.0,0.020794541527337538
KER,0.0,0.0,0.006648327009239681
KES,0.0,0.0,0.0017101643869260363
KEV,0.0,0.0,0.041150036309793754
KFK,0.0,0.0,0.009112419342359637
KFM,0.0,0.0,0.03479444663351863
KFT,0.0,0.0,0.03465424868615204
KFY,0.0,0.0,0.019586529052654178
KGC,0.0,0.0,0.03025380630163694
KGN,0.0,0.0,0.04082177171288163
KGR,0.0,0.0,0.02808600154074792
KHC,0.0,0.0,0.018268517210733214
KHK,0.0,0.0,0.009373501195485148
KHP,0.0,0.0,0.032244087452399386
KIH,0.0,0.0,0.04546131201345885
KIN,0.0,0.0,0.012307408072521337
KIQ,0.0,0.0,0.03482254384070484
KIR,0.0,0.0,0.04800626398193099
KKC,0.0,0.0,3.1899522031143073e-07
KKF,0.0,0.0,0.0073860908173371
KKL,0.0,0.0,0.03269143376582074
KKR,0.0,0.0,0.03426997969217628
KKV,0.0,0.0,0.0046951219202073175
KLC,0.0,0.0,0.03992403033226334
KLE,0.0,0.0,0.018136336141856304
KLQ,0.0,0.0,0.0027959420381417958
KLW,0.0,0.0,0.01243490127824992
KNC,0.0,0.0,0.02140407450681238
KNI,0.0,0.0,0.014183286480124267
KNK,0.0,0.0,0.04533150606246315
KNP,0.0,0.0,0.045247355072584226
KNY,0.0,0.0,0.03459830400984851
KPA,0.0,0.0,0.006532769745717071
KPC,0.0,0.0,6.600597805729429e-09
KPF,0.0,0.0,0.0015897464928257097
KPL,0.0,0.0,0.018424272272190956
KQG,0.0,0.0,0.004665645951711689
KQH,0.0,0.0,0.03384658674034317
KQK,0.0,0.0,0.006628688690141968
KQL,0.0,0.0,0.025207464522925015
KQR,0.0,0.0,0.00021283445645939783
KQV,0.0,0.0,0.03465424761308901
KRI,0.0,0.0,0.014303003739344415
KRM,0.0,0.0,0.008119799140647099
KRP,0.0,0.0,0.04914271959874776
KRY,0.0,0.0,0.006626144044564077
KSA,0.0,0.0,0.040282489848111974
KSC,0.0,0.0,3.3961420984186356e-05
KSE,0.0,0.0,0.04502458084275077
KSQ,0.0,0.0,0.004653546720909981
KSS,0.0,0.0,0.040295587682592365
KTC,0.0,0.0,3.2434645923668036e-06
KTQ,0.0,0.0,0.0005254467620660931
KTY,0.0,0.0,0.007417680546544824
KVH,0.0,0.0,0.019511072181401697
KVQ,0.0,0.0,0.03909293351682168
KVR,0.0,0.0,4.48034195441965e-07
KVT,0.0,0.0,0.004957652560043709
KVY,0.0,0.0,0.0002493072835790921
KWC,0.0,0.0,0.0005666822855879783
KWR,0.0,0.0,0.04546131025654111
KWS,0.0,0.0,0.04546131201345885
KYS,0.0,0.0,0.04508260807007047
LAA,0.0,0.0,3.689725573513029e-05
LAF,0.0,0.0,8.480340443064398e-05
LAG,0.0,0.0,0.03468673212087761
LAI,0.0,0.0,7.766439742111336e-06
LAK,0.0,0.0,0.014557633777893922
LAL,0.0,0.0,1.5991649979811588e-06
LAN,0.0,0.0,0.0019672632159204026
LAQ,0.0,0.0,0.03835883480101994
LAS,0.0,0.0,0.03134886532409874
LAV,0.0,0.0,0.0012017239331882344
LAY,0.0,0.0,0.0015897466581082306
LCC,0.0,0.0,2.149986576008338e-15
LCD,0.0,0.0,0.0006641291145108518
LCF,0.0,0.0,0.02005938934833153
LCG,0.0,0.0,0.0007533459233363811
LCK,0.0,0.0,0.0017158278044250384
LCN,0.0,0.0,0.0488526917593884
LCP,0.0,0.0,0.025008006481718126
LCY,0.0,0.0,0.004439977079844442
LDF,0.0,0.0,0.0026466537294847327
LDI,0.0,0.0,0.014122311692952604
LDL,0.0,0.0,0.01413970845513863
LDV,0.0,0.0,0.01832106014364485
LEA,0.0,0.0,0.005900742337125015
LEC,0.0,0.0,0.00040350362270951193
LEG,0.0,0.0,0.040560770769131595
LEK,0.0,0.0,0.03902953161159914
LEL,0.0,0.0,0.009156784399423768
LEQ,0.0,0.0,0.007421956511050072
LES,0.0,0.0,0.006933502499390952
LEV,0.0,0.0,1.5519558836137218e-05
LFA,0.0,0.0,0.010378583008077282
LFC,0.0,0.0,0.018132858934800926
LFF,0.0,0.0,0.005974341006151466
LFI,0.0,0.0,5.53463490242718e-06
LFL,0.0,0.0,2.9368863923432268e-05
LFN,0.0,0.0,0.011479328356557612
LFP,0.0,0.0,0.004477823239347749
LFV,0.0,0.0,1.9796144835186526e-07
LGC,0.0,0.0,0.023409730624762707
LGD,0.0,0.0,0.04909730936755653
LGF,0.0,0.0,0.023225538911172895
LGI,0.0,0.0,0.03847003297735341
LGK,0.0,0.0,0.01430130385007281
LGL,0.0,0.0,0.0010542572434795248
LGM,0.0,0.0,0.04907007900931529
LGR,0.0,0.0,0.0419244224491145
LGV,0.0,0.0,0.024262630482846395
LGY,0.0,0.0,0.01987571043156332
LHG,0.0,0.0,0.007480996922015325
LHK,0.0,0.0,0.011374961701585286
LHT,0.0,0.0,0.01953619782619553
LHV,0.0,0.0,0.0026817199455771777
LIC,0.0,0.0,0.001032580031954572
LIE,0.0,0.0,0.000654247276744105
LIF,0.0,0.0,0.00015749013179223195
LII,0.0,0.0,0.0022089696103387434
LIL,0.0,0.0,5.72332291901231e-06
LIT,0.0,0.0,0.03912379043288216
LIV,0.0,0.0,9.931418997659498e-05
LKC,0.0,0.0,0.004470109336431278
LKD,0.0,0.0,0.023114081014267453
LKE,0.0,0.0,0.0076457258457286814
LKH,0.0,0.0,0.012484200543075141
LKR,0.0,0.0,0.004569538567214643
LKS,0.0,0.0,0.03912969797532763
LLA,0.0,0.0,0.00016330645453416936
LLC,0.0,0.0,0.022670932156165623
LLD,0.0,0.0,0.006043632534938714
LLF,0.0,0.0,3.865372191057981e-05
LLI,0.0,0.0,2.5458926141289357e-05
LLL,0.0,0.0,6.307672053022321e-06
LLS,0.0,0.0,0.0010068132080429371
LLT,0.0,0.0,0.011176086309115832
LLV,0.0,0.0,1.8060299971299933e-09
LMT,0.0,0.0,0.004653546553255871
LNC,0.0,0.0,0.002248670891083145
LND,0.0,0.0,0.03884952991364768
LNL,0.0,0.0,0.0034400217466240414
LNR,0.0,0.0,0.007286858079667782
LNS,0.0,0.0,0.0026628732386621175
LPC,0.0,0.0,6.0608591611791653e-05
LPG,0.0,0.0,0.0382001586949657
LPI,0.0,0.0,0.03488201384443476
LPR,0.0,0.0,0.04061141103461152
LQD,0.0,0.0,0.028727844203376228
LQG,0.0,0.0,0.007424095253154019
LQL,0.0,0.0,0.0015864052191198724
LQQ,0.0,0.0,0.011541812820595528
LQT,0.0,0.0,0.0026790623851975274
LQY,0.0,0.0,0.00760309110945214
LRA,0.0,0.0,0.028331086443786395
LRC,0.0,0.0,0.03948491488281787
LRF,0.0,0.0,0.018254651374466323
LRL,0.0,0.0,0.01893037596616726
LRV,0.0,0.0,0.04923364898130758
LSC,0.0,0.0,0.001138416846393737
LSD,0.0,0.0,0.02897169044514317
LSE,0.0,0.0,0.02730814675859439
LSI,0.0,0.0,0.0006250136734530919
LSL,0.0,0.0,7.851936660609966e-07
LSM,0.0,0.0,0.011634733467003083
LST,0.0,0.0,0.014326807685201328
LTA,0.0,0.0,0.024559312359149887
LTC,0.0,0.0,0.0004023134603596696
LTE,0.0,0.0,0.0017177197796886695
LTI,0.0,0.0,0.021579456928721243
LTL,0.0,0.0,2.245698486146831e-05
LTP,0.0,0.0,0.01139558545394347
LTR,0.0,0.0,0.006317320011891634
LVA,0.0,0.0,0.0016422028833213685
LVC,0.0,0.0,0.0002360995861860942
LVD,0.0,0.0,0.003828788806681121
LVF,0.0,0.0,1.9630343662486453e-06
LVG,0.0,0.0,0.0028204922451108808
LVI,0.0,0.0,0.0007562311720449864
LVK,0.0,0.0,0.032505744455498045
LVL,0.0,0.0,5.699090300463526e-06
LVN,0.0,0.0,0.010231971336935076
LVP,0.0,0.0,0.009945612203370105
LVR,0.0,0.0,0.049996962022261206
LVV,0.0,0.0,1.3493377631623252e-05
LVY,0.0,0.0,0.0004558136618164024
LWC,0.0,0.0,0.0009506881348832185
LWI,0.0,0.0,0.019498522373287915
LYE,0.0,0.0,0.033739537982749125
LYH,0.0,0.0,0.03386803566333181
LYI,0.0,0.0,7.473751388172651e-06
LYK,0.0,0.0,0.03838982699301222
LYL,0.0,0.0,0.011482038545012488
LYS,0.0,0.0,0.032236309020359746
LYV,0.0,0.0,0.0026758846742732725
MAF,0.0,0.0,0.034644918764217325
MAI,0.0,0.0,0.006595710938299557
MAN,0.0,0.0,0.03380373461339531
MAS,0.0,0.0,0.0016022139104152106
MAT,0.0,0.0,0.011563616147478615
MAV,0.0,0.0,0.01245600756497798
MCC,0.0,0.0,0.00015854953324584761
MCG,0.0,0.0,0.0007786666119143972
MCH,0.0,0.0,0.004653546720909981
MCK,0.0,0.0,0.03372884796271851
MCN,0.0,0.0,0.011345375669726052
MCP,0.0,0.0,0.0007789294885518575
MCS,0.0,0.0,0.002258454017642033
MCT,0.0,0.0,0.0038647852685143335
MCV,0.0,0.0,0.007454095601118633
MDA,0.0,0.0,0.025305067516582378
MDE,0.0,0.0,0.025305068469293014
MDF,0.0,0.0,0.011367558980011346
MDG,0.0,0.0,0.008119799436438865
MDI,0.0,0.0,0.020846294771327677
MDQ,0.0,0.0,0.04546131025654111
MDS,0.0,0.0,0.006600050815523443
MDW,0.0,0.0,0.04546131201345885
MEA,0.0,0.0,0.03378232269096974
MEI,0.0,0.0,0.004653546553255871
MES,0.0,0.0,0.011337983640241791
MET,0.0,0.0,0.00045798352861988243
MEV,0.0,0.0,0.00010541149802176136
MFL,0.0,0.0,0.025305068469293014
MFV,0.0,0.0,0.025305068469293014
MGV,0.0,0.0,0.014267878743686537
MHA,0.0,0.0,0.04546131201345885
MHL,0.0,0.0,0.008119799140647099
MIE,0.0,0.0,0.011367558712615296
MIN,0.0,0.0,0.006626142595588223
MIT,0.0,0.0,0.002258453959968451
MKD,0.0,0.0,0.004653546720909981
MKF,0.0,0.0,0.014267878743686537
MKI,0.0,0.0,0.016131961609328335
MKL,0.0,0.0,0.0027777421174119453
MKV,0.0,0.0,3.2964544109369066e-11
MLA,0.0,0.0,0.012326264682557155
MLF,0.0,0.0,0.012364054875231846
MLI,0.0,0.0,0.008119799140647099
MLN,0.0,0.0,0.019561348636221162
MLT,0.0,0.0,0.03480380501603432
MLY,0.0,0.0,0.008119799436438865
MND,0.0,0.0,0.04546131201345885
MNE,0.0,0.0,0.014267878743686537
MNI,0.0,0.0,0.025305068469293014
MPA,0.0,0.0,0.025305068469293014
MPC,0.0,0.0,0.001552257409816514
MQA,0.0,0.0,0.033782324140889615
MQV,0.0,0.0,0.004653546720909981
MRL,0.0,0.0,0.04555885374517557
MRQ,0.0,0.0,0.008119799140647099
MRS,0.0,0.0,0.008119799436438865
MSC,0.0,0.0,0.01949852281424419
MSD,0.0,0.0,0.000652773541510653
MSF,0.0,0.0,0.04546131201345885
MSI,0.0,0.0,0.03456105025499277
MSQ,0.0,0.0,0.004653546720909981
MSV,0.0,0.0,0.033718162287338704
MTA,0.0,0.0,0.033825155962472334
MTC,0.0,0.0,0.0015522576299213167
MTK,0.0,0.0,0.045286197523217116
MTT,0.0,0.0,0.004653546553255871
MVA,0.0,0.0,0.006615260614320754
MVE,0.0,0.0,0.0015916587232922576
MVI,0.0,0.0,0.007510097850595664
MVS,0.0,0.0,0.034607621600208464
MVV,0.0,0.0,0.028798243160581348
MVY,0.0,0.0,0.025305068469293014
MWC,0.0,0.0,0.025305068469293014
MWF,0.0,0.0,0.0253050637057267
MWV,0.0,0.0,0.04546131201345885
MYL,0.0,0.0,0.04546131201345885
MYV,0.0,0.0,0.025305067516582378
NAA,0.0,0.0,4.242917593791168e-06
NAC,0.0,0.0,0.0026711245661858183
NAE,0.0,0.0,0.016145896666220787
NAK,0.0,0.0,0.0287598272325125
NCC,0.0,0.0,9.9175609113059e-22
NCF,0.0,0.0,0.014267878216512632
NCI,0.0,0.0,0.03481317631169088
NCN,0.0,0.0,0.006595710938299557
NCR,0.0,0.0,0.001727020590351945
NCV,0.0,0.0,0.009216886514099975
NCY,0.0,0.0,0.018415816566967586
NDC,0.0,0.0,2.1466071565035637e-05
NDK,0.0,0.0,0.003470073199052364
NEC,0.0,0.0,0.0006552192539502549
NEH,0.0,0.0,0.03476636771374782
NFC,0.0,0.0,0.0009527120355407844
NFE,0.0,0.0,0.0004589164241630453
NFK,0.0,0.0,0.02080029089249303
NFL,0.0,0.0,0.03706446088800468
NFS,0.0,0.0,0.012316833091992063
NGC,0.0,0.0,8.875065762561013e-06
NGR,0.0,0.0,0.036896431654887867
NHC,0.0,0.0,0.025305068469293014
NID,0.0,0.0,0.020811792740025932
NIE,0.0,0.0,0.03376092526563698
NIG,0.0,0.0,0.03987211683519429
NII,0.0,0.0,0.045286196644995544
NIK,0.0,0.0,0.03250947144673448
NIP,0.0,0.0,0.007475591039689409
NIT,0.0,0.0,0.014267878743686537
NKC,0.0,0.0,3.620047184308291e-05
NKI,0.0,0.0,0.025196930825549118
NKV,0.0,0.0,0.018391197014859126
NLC,0.0,0.0,0.010429371143036437
NLI,0.0,0.0,0.040879967261957015
NMK,0.0,0.0,0.04546131201345885
NND,0.0,0.0,0.03386803203242043
NNP,0.0,0.0,0.00021951272203619531
NPA,0.0,0.0,0.0002181128970867797
NPD,0.0,0.0,0.00515936102117948
NPK,0.0,0.0,0.047459817553647594
NPN,0.0,0.0,0.0328577619719643
NPP,0.0,0.0,0.0052676166432258096
NPR,0.0,0.0,0.018424270787771275
NQA,0.0,0.0,0.034635590987827584
NQI,0.0,0.0,0.025305067516582378
NQL,0.0,0.0,0.00030695695224707497
NQM,0.0,0.0,0.04546131025654111
NRC,0.0,0.0,7.200164638978762e-05
NRE,0.0,0.0,0.007155860636876117
NRL,0.0,0.0,0.01223223569704912
NRM,0.0,0.0,0.03380373461339531
NRS,0.0,0.0,0.006587038721160957
NRT,0.0,0.0,0.006608737470758841
NSC,0.0,0.0,5.442038199325478e-06
NSD,0.0,0.0,0.01631394090872065
NSL,0.0,0.0,0.010363307751988085
NTC,0.0,0.0,2.146607451816017e-05
NTF,0.0,0.0,0.01227603599186692
NTK,0.0,0.0,0.00280505930976374
NTQ,0.0,0.0,0.025305068469293014
NTY,0.0,0.0,0.014267878743686537
NVC,0.0,0.0,0.004213965731757304
NVI,0.0,0.0,0.007194065768918031
NVT,0.0,0.0,0.019523632576444957
NVW,0.0,0.0,0.014267878216512632
NWC,0.0,0.0,0.008119799436438865
NWI,0.0,0.0,0.014267877689336262
NWQ,0.0,0.0,0.014267873471930682
NWS,0.0,0.0,0.025305068469293014
NYC,0.0,0.0,0.018302095123731193
NYI,0.0,0.0,0.006613085697331628
NYK,0.0,0.0,0.014267878216512632
NYN,0.0,0.0,0.03382515378576182
NYT,0.0,0.0,0.002259962370721443
PAC,0.0,0.0,1.9003951918716743e-17
PAI,0.0,0.0,0.02362362008210881
PAM,0.0,0.0,0.011367558980011346
PAT,0.0,0.0,0.02759734669112548
PAV,0.0,0.0,0.030476150063057757
PAW,0.0,0.0,0.02530506465843726
PCA,0.0,0.0,3.2092309345833943e-06
PCC,0.0,0.0,6.436314286790496e-35
PCD,0.0,0.0,0.012294849663141
PCE,0.0,0.0,0.0022501736017202048
PCF,0.0,0.0,0.008889802262884196
PCI,0.0,0.0,0.005923783942123148
PCK,0.0,0.0,5.243815956040016e-07
PCN,0.0,0.0,0.0017238810479092764
PCP,0.0,0.0,3.273546379946753e-05
PCQ,0.0,0.0,0.019586529052654178
PCR,0.0,0.0,5.157815356833454e-09
PCS,0.0,0.0,0.0001573259178103473
PCT,0.0,0.0,0.00194189527714678
PCV,0.0,0.0,0.002655287646357664
PCY,0.0,0.0,0.019498522373287915
PDA,0.0,0.0,0.0009590990001613583
PDC,0.0,0.0,0.00302202488914073
PDR,0.0,0.0,0.012424359467702092
PDW,0.0,0.0,0.01246657381359122
PEC,0.0,0.0,0.0015902245587175211
PEF,0.0,0.0,0.007443368821643748
PEK,0.0,0.0,0.0015954896376327871
PES,0.0,0.0,0.048825581646623276
PFC,0.0,0.0,0.0021917785260377187
PFD,0.0,0.0,0.006617436013609993
PFE,0.0,0.0,0.014267876634983603
PFS,0.0,0.0,0.01154998578778424
PGC,0.0,0.0,0.0007500105903991298
PGL,0.0,0.0,0.0027594064475373278
PGT,0.0,0.0,0.03539311006597492
PHC,0.0,0.0,0.008119799140647099
PIC,0.0,0.0,0.033868722535899946
PIH,0.0,0.0,0.04546131201345885
PIQ,0.0,0.0,0.014267878216512632
PIW,0.0,0.0,0.011382369505514741
PKC,0.0,0.0,0.014055793274636717
PKH,0.0,0.0,0.0038389694828628224
PKW,0.0,0.0,0.014267878743686537
PLC,0.0,0.0,0.04904285851073456
PLN,0.0,0.0,0.02078879424012827
PLQ,0.0,0.0,0.008119799140647099
PLV,0.0,0.0,8.263473671190952e-05
PLW,0.0,0.0,0.0005719211153256145
PMC,0.0,0.0,0.0026490124605226158
PNA,0.0,0.0,0.00447709588344639
PNL,0.0,0.0,0.03842085078947238
PPC,0.0,0.0,5.050890665411742e-19
PPG,0.0,0.0,0.0001468956470105264
PQC,0.0,0.0,0.0005665088134004026
PQD,0.0,0.0,0.008119799436438865
PRC,0.0,0.0,0.001908541818251282
PRG,0.0,0.0,0.03279471094778153
PRI,0.0,0.0,0.0002475130140011901
PRL,0.0,0.0,0.0021479326837092615
PRN,0.0,0.0,0.007563512184132011
PRT,0.0,0.0,0.03386803493714886
PRV,0.0,0.0,0.013852198628899623
PSC,0.0,0.0,3.007538894403273e-08
PSI,0.0,0.0,0.004628485059273467
PSV,0.0,0.0,0.027556344498629422
PTC,0.0,0.0,9.368071037840117e-05
PTG,0.0,0.0,0.03835883480101994
PTY,0.0,0.0,0.008119799140647099
PVC,0.0,0.0,2.4718083640304653e-05
PVN,0.0,0.0,0.02074285989284724
PVT,0.0,0.0,0.00664832739607144
PVV,0.0,0.0,0.04896128534727887
PWC,0.0,0.0,2.1878244104545e-08
PYA,0.0,0.0,0.025305068469293014
PYC,0.0,0.0,0.0140356046413621
QAV,0.0,0.0,0.007417680684670409
QCC,0.0,0.0,9.585695043036656e-19
QCL,0.0,0.0,0.0027953177802318464
QCM,0.0,0.0,0.014267878216512632
QDF,0.0,0.0,0.0007763040762260942
QDG,0.0,0.0,0.03227521283946222
QDI,0.0,0.0,0.033803731712336374
QDP,0.0,0.0,0.025305068469293014
QEC,0.0,0.0,0.0004033953836468809
QEI,0.0,0.0,0.01957393597085938
QEQ,0.0,0.0,0.0026817199455771777
QFC,0.0,0.0,0.0013178807341734644
QFI,0.0,0.0,0.03474766008234195
QGA,0.0,0.0,0.004456906655422558
QGC,0.0,0.0,1.097085169819657e-05
QGI,0.0,0.0,0.012323119753017826
QGL,0.0,0.0,0.018303565480789378
QGW,0.0,0.0,0.004653546888564082
QHC,0.0,0.0,0.004653546720909981
QHD,0.0,0.0,0.04546131025654111
QHW,0.0,0.0,0.02530506465843726
QIC,0.0,0.0,2.1466075256442287e-05
QID,0.0,0.0,0.019511072622560428
QIF,0.0,0.0,0.020904015271115385
QIK,0.0,0.0,0.03237654649331129
QIR,0.0,0.0,0.011363859089676503
QIS,0.0,0.0,0.004446481426805383
QIY,0.0,0.0,0.04546131201345885
QKL,0.0,0.0,0.007454095323820178
QKM,0.0,0.0,0.04546131201345885
QKQ,0.0,0.0,0.011536366267209757
QKT,0.0,0.0,0.0195739355286872
QLA,0.0,0.0,0.0015964489818098616
QLD,0.0,0.0,0.0015849753802575086
QLI,0.0,0.0,0.01637382606869813
QLK,0.0,0.0,0.01995992145629591
QLL,0.0,0.0,0.03406088043630945
QLN,0.0,0.0,0.0004592277708474206
QLP,0.0,0.0,0.011400970999938786
QLT,0.0,0.0,0.0038443358002474438
QLV,0.0,0.0,0.0015897467242213645
QMN,0.0,0.0,0.04546131201345885
QMQ,0.0,0.0,0.04546131201345885
QNC,0.0,0.0,0.0006470739604008917
QNH,0.0,0.0,0.04546131201345885
QNI,0.0,0.0,0.04546131025654111
QPC,0.0,0.0,0.00030695692010725546
QPI,0.0,0.0,0.019548769697919778
QPQ,0.0,0.0,0.025305068469293014
QPV,0.0,0.0,0.020685567178204873
QQC,0.0,0.0,0.012269769907047205
QQI,0.0,0.0,0.025305068469293014
QQL,0.0,0.0,0.03243122420295645
QQY,0.0,0.0,0.04546130498576349
QRC,0.0,0.0,8.452870988692283e-05
QRE,0.0,0.0,0.019586529052654178
QRM,0.0,0.0,0.04546131201345885
QRP,0.0,0.0,0.004653546720909981
QRQ,0.0,0.0,2.335442554285183e-05
QRR,0.0,0.0,0.0026505867275265116
QRS,0.0,0.0,0.0038673488227773025
QSC,0.0,0.0,0.007239451986931671
QSG,0.0,0.0,0.018285299630373137
QSI,0.0,0.0,0.01949852281424419
QSK,0.0,0.0,0.007460538543611104
QSN,0.0,0.0,0.0195865277255311
QSY,0.0,0.0,0.008119799436438865
QTA,0.0,0.0,0.032290783776397596
QTK,0.0,0.0,0.011341681923316391
QTL,0.0,0.0,0.00446866131393405
QTN,0.0,0.0,0.020811792740025932
QVA,0.0,0.0,0.0015959686961686313
QVG,0.0,0.0,0.034588987490825014
QVI,0.0,0.0,0.0002702766139483087
QVL,0.0,0.0,0.0074755914565616186
QVN,0.0,0.0,0.019536197384631585
QVS,0.0,0.0,0.006591373146348331
QWC,0.0,0.0,0.0038519926581897217
QWI,0.0,0.0,0.04546131201345885
QWL,0.0,0.0,0.025305068469293014
QYC,0.0,0.0,0.034672913358018906
QYF,0.0,0.0,0.025305068469293014
QYK,0.0,0.0,0.020783046606414227
QYL,0.0,0.0,0.03380373461339531
QYQ,0.0,0.0,0.04546131201345885
QYR,0.0,0.0,0.012456007785317283
RAC,0.0,0.0,0.012291713253989414
RAL,0.0,0.0,0.004199274045884658
RAP,0.0,0.0,0.03234533819436394
RAS,0.0,0.0,0.03676036373514912
RAV,0.0,0.0,0.0075694371067274
RAW,0.0,0.0,0.019542482658105518
RCA,0.0,0.0,0.0009058625747562896
RCC,0.0,0.0,3.6136957793231604e-17
RCD,0.0,0.0,0.016212231151595737
RCF,0.0,0.0,0.0015783173892618325
RCG,0.0,0.0,0.005301840602250624
RCI,0.0,0.0,0.012213313071985882
RCK,0.0,0.0,0.008825166468014884
RCL,0.0,0.0,9.586822468236303e-05
RCN,0.0,0.0,0.03226294618403848
RCR,0.0,0.0,0.007378316073271122
RCS,0.0,0.0,0.008086213900332647
RCT,0.0,0.0,0.0006524472280705166
RCW,0.0,0.0,0.04546131201345885
RDC,0.0,0.0,2.108467028073747e-06
RDI,0.0,0.0,0.006604393420939667
RDL,0.0,0.0,0.0028203150527480497
RDP,0.0,0.0,0.03896482887498926
REC,0.0,0.0,7.161545527299897e-05
REL,0.0,0.0,2.347381981879395e-05
REP,0.0,0.0,0.001552257354790256
REQ,0.0,0.0,0.020811792740025932
REV,0.0,0.0,0.03227521283946222
RFD,0.0,0.0,0.020817544529218163
RFG,0.0,0.0,0.03188330681262822
RFH,0.0,0.0,0.04546131025654111
RFK,0.0,0.0,0.04958960819569349
RGC,0.0,0.0,1.5287959461722505e-08
RGD,0.0,0.0,0.0005635609519472959
RGF,0.0,0.0,0.0017274642677729717
RGH,0.0,0.0,0.03448664660438048
RGT,0.0,0.0,0.010376281845174683
RHK,0.0,0.0,0.0015522560341618926
RID,0.0,0.0,0.04546131201345885
RIL,0.0,0.0,0.0005970613473692979
RIP,0.0,0.0,0.04110613826173257
RIR,0.0,0.0,0.023043929066981383
RIS,0.0,0.0,0.021527995075578534
RKC,0.0,0.0,3.841272781207586e-05
RKG,0.0,0.0,0.00022590869990519742
RKN,0.0,0.0,0.03380373461339531
RLA,0.0,0.0,9.203669787247965e-05
RLE,0.0,0.0,0.020069357755459094
RLK,0.0,0.0,0.01928211360311046
RLL,0.0,0.0,0.024162476750439952
RLP,0.0,0.0,0.02074548842852346
RMA,0.0,0.0,0.025305068469293014
RMC,0.0,0.0,0.0066174358527769685
RMR,0.0,0.0,0.025305068469293014
RMS,0.0,0.0,0.000901757219466753
RNA,0.0,0.0,8.857743514331915e-07
RNL,0.0,0.0,0.00742623330379085
RNY,0.0,0.0,0.01240826992440808
RPC,0.0,0.0,8.672330794713418e-07
RPH,0.0,0.0,0.0338573108387021
RPP,0.0,0.0,3.430322493287944e-05
RQC,0.0,0.0,0.01593057539068897
RQG,0.0,0.0,0.00010358556775875932
RQV,0.0,0.0,0.03451453245656329
RRE,0.0,0.0,0.03215086637261299
RRI,0.0,0.0,0.02171720844229707
RRT,0.0,0.0,0.04099657204316209
RSC,0.0,0.0,0.03257484702715727
RSD,0.0,0.0,0.029126611985604973
RSE,0.0,0.0,0.012480672947137887
RSS,0.0,0.0,0.0026489831233208823
RTD,0.0,0.0,0.011337990045225356
RTG,0.0,0.0,0.04495696391427122
RTI,0.0,0.0,0.03451453192146678
RVA,0.0,0.0,0.004464926845754896
RVF,0.0,0.0,0.02886880075432233
RVI,0.0,0.0,0.00015389434846585268
RVL,0.0,0.0,0.0024394514082449656
RVM,0.0,0.0,0.0009017571876935712
RVP,0.0,0.0,0.032415590015037736
RVT,0.0,0.0,0.020811792740025932
RVY,0.0,0.0,0.04517945701870292
RWC,0.0,0.0,2.6113565549672374e-06
RYC,0.0,0.0,0.002772838862603435
RYH,0.0,0.0,0.04546131201345885
SAA,0.0,0.0,0.002838460330509734
SAK,0.0,0.0,0.02176473621579898
SAN,0.0,0.0,0.012406807151922094
SAW,0.0,0.0,0.008119798253273232
SCA,0.0,0.0,0.004547674625143502
SCC,0.0,0.0,1.0237004905359325e-19
SCD,0.0,0.0,7.383516932931496e-07
SCE,0.0,0.0,0.00015357301974435012
SCG,0.0,0.0,0.008951858206946503
SCI,0.0,0.0,0.011492886684327477
SCK,0.0,0.0,0.007154638687445304
SCN,0.0,0.0,5.3272240915762946e-05
SCP,0.0,0.0,5.987793940472167e-05
SCQ,0.0,0.0,0.00748205036332273
SCR,0.0,0.0,1.2900470053285443e-05
SCS,0.0,0.0,2.20003546954601e-06
SCT,0.0,0.0,0.000562691366565887
SCV,0.0,0.0,0.007200719421284794
SDA,0.0,0.0,0.040481298094834486
SDC,0.0,0.0,1.3286973758707939e-05
SDG,0.0,0.0,3.249930587615037e-09
SDL,0.0,0.0,0.00404943135103247
SDP,0.0,0.0,0.039147382773209616
SDY,0.0,0.0,0.007421956511050072
SEC,0.0,0.0,1.1401761892914971e-09
SEI,0.0,0.0,0.006634726037967693
SEL,0.0,0.0,0.04030213006495646
SEV,0.0,0.0,0.04909221016228564
SFC,0.0,0.0,0.0006627240631487516
SFD,0.0,0.0,0.006591373306688765
SFP,0.0,0.0,0.028836714015766637
SFQ,0.0,0.0,0.034635590987827584
SFS,0.0,0.0,0.0006597474933531293
SFV,0.0,0.0,0.045286193571224244
SGC,0.0,0.0,8.631331144743726e-05
SGF,0.0,0.0,0.040430798969064645
SGR,0.0,0.0,0.03246232167108715
SGT,0.0,0.0,0.0029208542484118923
SGW,0.0,0.0,3.369830065141656e-06
SGY,0.0,0.0,0.00397168828404053
SHC,0.0,0.0,0.0009501105688405455
SHP,0.0,0.0,0.027504716985813738
SIC,0.0,0.0,0.0028111525029640896
SID,0.0,0.0,0.0001198116154772793
SII,0.0,0.0,0.04126728855858167
SIK,0.0,0.0,0.03395523916423039
SIS,0.0,0.0,9.486662856572137e-05
SIY,0.0,0.0,0.0015522575748950463
SKA,0.0,0.0,0.022604690813546418
SKC,0.0,0.0,0.00040101877948445837
SKP,0.0,0.0,0.0028073427480728354
SKQ,0.0,0.0,0.007256977889840197
SLA,0.0,0.0,0.002181541441670553
SLC,0.0,0.0,0.03658833036380013
SLK,0.0,0.0,1.1295661071394465e-05
SLP,0.0,0.0,0.027942974255657383
SLQ,0.0,0.0,0.019984747239205933
SLS,0.0,0.0,0.00022422115470349517
SLT,0.0,0.0,0.010302356716530998
SLV,0.0,0.0,0.012107904909750264
SLY,0.0,0.0,0.011482038687037927
SMC,0.0,0.0,0.0022576999852393326
SML,0.0,0.0,0.0328451421737978
SMQ,0.0,0.0,0.03386803421096591
SNG,0.0,0.0,0.005882871509205529
SNI,0.0,0.0,0.02005938934833153
SNP,0.0,0.0,0.0036390881330836847
SPC,0.0,0.0,0.003805953800367652
SQF,0.0,0.0,0.0347663682514288
SQL,0.0,0.0,0.004466046915944626
SRA,0.0,0.0,0.040778179090339324
SRC,0.0,0.0,0.00914521790944594
SSC,0.0,0.0,7.439336632714184e-05
SSE,0.0,0.0,0.04826371671084917
SSF,0.0,0.0,0.021395550757288617
SSL,0.0,0.0,0.0006546797569364768
SSM,0.0,0.0,0.025305068469293014
SSV,0.0,0.0,0.0007484768096456756
STC,0.0,0.0,0.001541131831375599
STK,0.0,0.0,0.003801737855729427
SVC,0.0,0.0,0.004932052256561681
SVF,0.0,0.0,0.0027939084256511414
SVK,0.0,0.0,3.4950123905081315e-06
SVL,0.0,0.0,0.026655089212442497
SVS,0.0,0.0,0.019198417179666954
SVT,0.0,0.0,0.03380314359248424
SWC,0.0,0.0,0.00748686328130095
SWF,0.0,0.0,0.025305068469293014
SWW,0.0,0.0,0.0004548866902549093
SYC,0.0,0.0,9.269349227664711e-06
SYF,0.0,0.0,0.03236874028809993
SYI,0.0,0.0,0.03456105132614205
SYK,0.0,0.0,0.0347102689987999
SYS,0.0,0.0,0.04745845984018734
TAF,0.0,0.0,0.00015142093831445712
TAL,0.0,0.0,0.014830258509469792
TAP,0.0,0.0,0.040479178982553675
TAR,0.0,0.0,0.049625160402299744
TAT,0.0,0.0,0.0230971375360141
TAV,0.0,0.0,0.004446481772218994
TCA,0.0,0.0,0.040923664169432696
TCC,0.0,0.0,2.495102756258835e-18
TCD,0.0,0.0,0.0003689441037438462
TCG,0.0,0.0,0.00346540513524908
TCI,0.0,0.0,0.004123622574632325
TCK,0.0,0.0,0.0016912114041181636
TCM,0.0,0.0,0.008119799140647099
TCN,0.0,0.0,0.005810137801218387
TCP,0.0,0.0,0.00023789161289441852
TCQ,0.0,0.0,0.010473409130479066
TCR,0.0,0.0,0.039170988328050695
TCS,0.0,0.0,0.00459509353137375
TCT,0.0,0.0,0.016297359331374217
TCV,0.0,0.0,0.012150961249546533
TCY,0.0,0.0,0.001558300254513472
TDL,0.0,0.0,0.04384616387889077
TEC,0.0,0.0,0.03448664713919025
TEL,0.0,0.0,0.000942918990163456
TES,0.0,0.0,0.01820570381310604
TET,0.0,0.0,0.03882604280124266
TEV,0.0,0.0,0.03465424814962048
TEW,0.0,0.0,0.025305068469293014
TFC,0.0,0.0,0.004504863687217697
TFD,0.0,0.0,0.006617436013609993
TFL,0.0,0.0,0.03379146685718251
TFV,0.0,0.0,0.012456008005655557
TFY,0.0,0.0,0.01252659552178931
TGC,0.0,0.0,0.0004940424262174579
THH,0.0,0.0,0.03371816156329529
THQ,0.0,0.0,0.025305068469293014
TIA,0.0,0.0,0.000231797898069775
TIE,0.0,0.0,0.004653546888564082
TIQ,0.0,0.0,0.019999657207011575
TKA,0.0,0.0,0.020014575533973022
TKD,0.0,0.0,0.03248100678168537
TKE,0.0,0.0,0.001319653102882212
TKG,0.0,0.0,0.023006864867584246
TKP,0.0,0.0,0.028791839996281137
TKV,0.0,0.0,0.01601740136880271
TLA,0.0,0.0,0.0011330296999809458
TLD,0.0,0.0,0.000629424498394719
TLR,0.0,0.0,0.0044483798921877635
TLV,0.0,0.0,3.732956453154313e-05
TLY,0.0,0.0,0.0384363683460836
TMC,0.0,0.0,0.01998971659941858
TNC,0.0,0.0,0.012098420840797533
TND,0.0,0.0,0.03378232269096974
TNI,0.0,0.0,0.000901757251239939
TPC,0.0,0.0,2.4002178356852703e-06
TPL,0.0,0.0,3.643836957391932e-05
TPP,0.0,0.0,0.0132938545372591
TQI,0.0,0.0,0.001327208845090397
TQL,0.0,0.0,0.012420847070285368
TRA,0.0,0.0,0.01251952022485595
TRC,0.0,0.0,0.0003391977397705695
TRD,0.0,0.0,0.016233228846822115
TRG,0.0,0.0,0.002985106039488701
TRV,0.0,0.0,0.032205216991759336
TSC,0.0,0.0,0.013495716752550195
TSD,0.0,0.0,0.038529584264349714
TTC,0.0,0.0,5.310527187285218e-07
TTF,0.0,0.0,0.02077730139642487
TTI,0.0,0.0,0.018306298745299765
TTL,0.0,0.0,0.003797527766140877
TTP,0.0,0.0,0.014267878743686537
TTQ,0.0,0.0,0.0046535462179484515
TVA,0.0,0.0,0.04369090355246114
TVF,0.0,0.0,0.0074648359650862466
TVK,0.0,0.0,0.03420052511776685
TVL,0.0,0.0,0.016145930362322324
TVP,0.0,0.0,0.01987571016306224
TVQ,0.0,0.0,0.011476618451950096
TVR,0.0,0.0,0.01829656814234164
TVS,0.0,0.0,0.009207168856215295
TVV,0.0,0.0,0.006910519584253369
TWC,0.0,0.0,0.014267878216512632
TWK,0.0,0.0,0.03371816156329529
TWT,0.0,0.0,0.025305068469293014
TYC,0.0,0.0,0.0004021251672158942
TYF,0.0,0.0,0.03378232124105324
TYL,0.0,0.0,0.007209747570723203
TYQ,0.0,0.0,0.014267878743686537
TYR,0.0,0.0,0.019511074387193385
TYW,0.0,0.0,0.04546131201345885
VAA,0.0,0.0,0.00044467051288386286
VAD,0.0,0.0,0.048897913437317635
VAE,0.0,0.0,2.480487612213438e-06
VAF,0.0,0.0,0.0026727103007575482
VAL,0.0,0.0,0.004414803761709522
VAQ,0.0,0.0,0.007150663407975002
VAT,0.0,0.0,0.0011521398858727924
VAV,0.0,0.0,0.012746718486172405
VAY,0.0,0.0,0.0007786665295168788
VCA,0.0,0.0,6.087669213882546e-05
VCC,0.0,0.0,1.854505971712755e-11
VCD,0.0,0.0,0.006023298684581323
VCE,0.0,0.0,0.027429593500388594
VCH,0.0,0.0,0.0007810357791906561
VCI,0.0,0.0,0.0002323352600755016
VCK,0.0,0.0,0.00218702479395207
VCL,0.0,0.0,0.04981279340482428
VCQ,0.0,0.0,0.0007763040351330748
VCR,0.0,0.0,0.000642998158635162
VCS,0.0,0.0,0.0008272219498034481
VCT,0.0,0.0,0.027664170899974878
VCV,0.0,0.0,0.00021901246158107602
VDC,0.0,0.0,0.028830298265534612
VDQ,0.0,0.0,0.025305068469293014
VDW,0.0,0.0,0.019548769697919778
VEC,0.0,0.0,0.03386803493714886
VEH,0.0,0.0,0.025305068469293014
VEK,0.0,0.0,0.0074155436001489515
VEL,0.0,0.0,0.0024761410262257857
VEM,0.0,0.0,0.025305067516582378
VET,0.0,0.0,0.03230636396740044
VEV,0.0,0.0,0.00024713300404125135
VFE,0.0,0.0,0.03457036088156703
VFL,0.0,0.0,0.034090275359734155
VFS,0.0,0.0,0.04931560202874367
VFT,0.0,0.0,0.0007763039529471352
VFV,0.0,0.0,0.018535704731226683
VGF,0.0,0.0,0.0013276558233323336
VGL,0.0,0.0,1.2725134341460998e-08
VGQ,0.0,0.0,0.019979780843799002
VGS,0.0,0.0,0.03215495484528694
VHK,0.0,0.0,0.04546131201345885
VIA,0.0,0.0,0.001155475012797789
VIC,0.0,0.0,1.2393608869443762e-06
VIF,0.0,0.0,0.002815730279955145
VII,0.0,0.0,0.00024976690004995634
VIK,0.0,0.0,0.03405672597953151
VIL,0.0,0.0,0.003360994950604157
VIR,0.0,0.0,0.0017329221944925735
VKC,0.0,0.0,0.0001542334241135885
VKF,0.0,0.0,0.019523632135083673
VKI,0.0,0.0,0.00033919778537378105
VKN,0.0,0.0,0.0406239273582367
VKQ,0.0,0.0,0.0022561929580863457
VKR,0.0,0.0,0.033128135317734626
VKT,0.0,0.0,0.018592370682695255
VKV,0.0,0.0,0.008027549231510223
VLA,0.0,0.0,8.346208082146983e-08
VLD,0.0,0.0,0.0279806353246655
VLE,0.0,0.0,0.021864407196829142
VLF,0.0,0.0,0.016036570316876334
VLG,0.0,0.0,0.0025982931322766235
VLI,0.0,0.0,0.003446598089316906
VLL,0.0,0.0,2.8220519723565694e-06
VLM,0.0,0.0,0.04546131201345885
VLV,0.0,0.0,8.660584926744759e-05
VMA,0.0,0.0,0.014267878743686537
VMF,0.0,0.0,0.025305068469293014
VMV,0.0,0.0,0.03205787555824877
VNE,0.0,0.0,0.049270054594126506
VNF,0.0,0.0,0.0013214276708350503
VNI,0.0,0.0,0.000158929310129224
VNL,0.0,0.0,0.03457967150756343
VPC,0.0,0.0,1.4653187724166322e-05
VPL,0.0,0.0,3.3680026896876257e-06
VPQ,0.0,0.0,0.019599128325604884
VPY,0.0,0.0,0.007441224546296321
VQA,0.0,0.0,0.032407779779451834
VQH,0.0,0.0,0.03386803493714886
VQR,0.0,0.0,0.029003907349198135
VQT,0.0,0.0,0.0015522576849473257
VRA,0.0,0.0,1.1251125232597685e-05
VRG,0.0,0.0,0.04807084429910858
VRK,0.0,0.0,0.04917907054687451
VRL,0.0,0.0,0.0075359172955163445
VRN,0.0,0.0,0.0074885142742422365
VRS,0.0,0.0,0.010378585055590566
VRV,0.0,0.0,0.012370360030208555
VSC,0.0,0.0,0.00913554306162723
VSE,0.0,0.0,0.016111079092542974
VSL,0.0,0.0,2.6476043375783475e-07
VST,0.0,0.0,0.011460371086372717
VSV,0.0,0.0,0.021631022488980335
VTA,0.0,0.0,0.04717570494758903
VTL,0.0,0.0,8.838676159015772e-06
VTS,0.0,0.0,0.021721524547258557
VTV,0.0,0.0,0.007558365058411902
VVA,0.0,0.0,3.592907822409065e-06
VVF,0.0,0.0,0.0013240936000405723
VVI,0.0,0.0,1.2743175250037323e-05
VVL,0.0,0.0,0.00017718635434284808
VVR,0.0,0.0,0.0001517522188622829
VVV,0.0,0.0,9.394910725804143e-05
VVW,0.0,0.0,0.002802006972737349
VWA,0.0,0.0,0.011323230534566603
VWC,0.0,0.0,0.008119799436438865
VWG,0.0,0.0,0.0028226041917336422
VYE,0.0,0.0,0.0324234063018148
VYI,0.0,0.0,0.0010694354923479342
VYS,0.0,0.0,0.006630198123558435
VYT,0.0,0.0,0.0010407945058295933
VYV,0.0,0.0,0.011367558712615296
WAA,0.0,0.0,0.0007736865938348334
WAV,0.0,0.0,0.011315857977701772
WCA,0.0,0.0,0.01953619782619553
WCC,0.0,0.0,2.182436593618938e-08
WCD,0.0,0.0,6.18803381997587e-08
WCF,0.0,0.0,0.011367558445219268
WCG,0.0,0.0,0.0003803245695235259
WCI,0.0,0.0,0.011352765030998356
WCK,0.0,0.0,1.145386433357141e-05
WCL,0.0,0.0,0.03471026846169628
WCP,0.0,0.0,0.0046535452120247235
WCS,0.0,0.0,0.0015522574648425193
WCT,0.0,0.0,0.01953619694306764
WCV,0.0,0.0,0.000777090134859458
WDD,0.0,0.0,0.03386803566333181
WDG,0.0,0.0,4.352182684851317e-05
WDS,0.0,0.0,0.03380373388812974
WEC,0.0,0.0,0.019586529052654178
WEG,0.0,0.0,0.0028187853284991904
WEW,0.0,0.0,0.02530506465843726
WGD,0.0,0.0,0.04546131201345885
WGE,0.0,0.0,0.025305067516582378
WGP,0.0,0.0,0.025305068469293014
WKC,0.0,0.0,0.012182347060703777
WLG,0.0,0.0,0.007545762356452468
WMD,0.0,0.0,0.04546131025654111
WNC,0.0,0.0,0.002681719849817455
WNG,0.0,0.0,0.002681719658298472
WNN,0.0,0.0,0.004653546888564082
WNP,0.0,0.0,0.04546131201345885
WPA,0.0,0.0,0.04546131201345885
WPC,0.0,0.0,4.416013408800287e-06
WQV,0.0,0.0,0.014267873471930682
WRC,0.0,0.0,0.008119799140647099
WRW,0.0,0.0,0.004653546720909981
WSG,0.0,0.0,0.019959920917672524
WSL,0.0,0.0,0.008119799436438865
WSS,0.0,0.0,0.0347102689987999
WSV,0.0,0.0,0.033846588917971064
WTC,0.0,0.0,0.003872477956862689
WVE,0.0,0.0,0.04546131201345885
WWE,0.0,0.0,0.002679061307408514
WWS,0.0,0.0,0.04546131201345885
WWT,0.0,0.0,0.025305066563867332
WYA,0.0,0.0,0.025305067516582378
YAA,0.0,0.0,0.01836098765805494
YAD,0.0,0.0,0.0038596639470145065
YAG,0.0,0.0,0.000901757251239939
YAK,0.0,0.0,0.002251677059791903
YAL,0.0,0.0,0.004443878618027789
YAQ,0.0,0.0,0.03380373461339531
YCA,0.0,0.0,0.0001509196088204508
YCC,0.0,0.0,1.4605248711231833e-09
YCD,0.0,0.0,0.0009515548496497608
YCE,0.0,0.0,4.084634967892828e-06
YCG,0.0,0.0,0.04469246438068704
YCI,0.0,0.0,0.007563511953063017
YCL,0.0,0.0,0.014267878743686537
YCN,0.0,0.0,0.01876173792160401
YCQ,0.0,0.0,0.0044647397169572
YCR,0.0,0.0,0.0017300794942471261
YCS,0.0,0.0,0.003780726491209717
YCT,0.0,0.0,9.091706976930291e-05
YCV,0.0,0.0,0.0028264984467602423
YCW,0.0,0.0,0.03380373461339531
YCY,0.0,0.0,0.03459830347389125
YDC,0.0,0.0,0.0002022659811874826
YDE,0.0,0.0,0.012406807151922094
YDI,0.0,0.0,0.008119799140647099
YEQ,0.0,0.0,0.0015522576299213167
YFC,0.0,0.0,0.002681719754057744
YFF,0.0,0.0,0.002256192900459996
YFG,0.0,0.0,0.01991529632093798
YFQ,0.0,0.0,0.014267878743686537
YFS,0.0,0.0,0.004450388489548554
YGC,0.0,0.0,2.3121451988990443e-05
YGI,0.0,0.0,0.019523632576444957
YGY,0.0,0.0,0.025281293338624125
YHC,0.0,0.0,0.012410315593403087
YHF,0.0,0.0,0.04546131201345885
YII,0.0,0.0,0.0026817199455771777
YIL,0.0,0.0,0.025228538586060834
YIM,0.0,0.0,0.04546131201345885
YIN,0.0,0.0,0.0074605379886456364
YIQ,0.0,0.0,0.0002706449391616706
YIS,0.0,0.0,0.03448664713919025
YIY,0.0,0.0,0.014267878743686537
YKC,0.0,0.0,0.04522794591649068
YKR,0.0,0.0,0.045519818238531864
YKV,0.0,0.0,0.01992520972790417
YKW,0.0,0.0,0.04546131201345885
YLA,0.0,0.0,0.0001797107560659113
YLL,0.0,0.0,0.02140407339787455
YLN,0.0,0.0,0.04533478340614711
YLQ,0.0,0.0,0.045480809160233275
YLS,0.0,0.0,0.00027000069310460057
YLT,0.0,0.0,0.008119799140647099
YNC,0.0,0.0,0.00023019255272260574
YNF,0.0,0.0,0.025305068469293014
YPC,0.0,0.0,0.0022576999852393326
YPI,0.0,0.0,0.04551981647636677
YPP,0.0,0.0,0.027480333514895497
YPR,0.0,0.0,0.019511073946034622
YQC,0.0,0.0,0.03372884796271851
YQP,0.0,0.0,0.03386803566333181
YQY,0.0,0.0,0.011367558980011346
YRC,0.0,0.0,0.007465372187448037
YSC,0.0,0.0,0.004472628414865685
YSE,0.0,0.0,0.020915570223272634
YSL,0.0,0.0,0.0038519930430798537
YSM,0.0,0.0,0.014267878216512632
YTA,0.0,0.0,0.025118059327959127
YTC,0.0,0.0,0.004476513438472894
YTV,0.0,0.0,0.002257699927581768
YVC,0.0,0.0,0.0017040481675545097
YVG,0.0,0.0,0.002258454017642033
YVI,0.0,0.0,0.0004582939280686746
YVL,0.0,0.0,0.007466986063581533
YVS,0.0,0.0,0.01949852281424419
YWD,0.0,0.0,0.04546131201345885
YWF,0.0,0.0,0.004653546553255871
YYC,0.0,0.0,0.00010541150167494055
Norm_isoelectric_point,0.4167085895502417,0.4178539015602814,0.0333252222830569
Norm_net_charge,0.2705391431128797,0.2785025842003324,0.027175275976769827
Norm_hidro/total,0.6044089147286822,0.59375,4.036899107928113e-05
norm_hydrophobic_hydrophobic_CKSAAGP,0.1333333333333333,0.125,1.1813064708640226e-05
norm_hydrophobic_polar_non_charged_CKSAAGP,0.0689655172413793,0.0714285714285714,0.04324561271084714
norm_hydrophobic_positively_charged_CKSAAGP,0.05,0.0571428571428571,1.2207812761256422e-06
norm_polar_non_charged_polar_non_charged_CKSAAGP,0.0,0.0,4.613540669310344e-16
norm_polar_non_charged_positively_charged_CKSAAGP,0.0,0.0,0.0011985181384963019
norm_polar_non_charged_negatively_charged_CKSAAGP,0.0,0.0,2.3768001960707348e-08
norm_positively_charged_hydrophobic_CKSAAGP,0.041241496598639404,0.0555555555555555,1.802594686385836e-13
norm_positively_charged_polar_non_charged_CKSAAGP,0.0,0.0,0.0006987571402996386
norm_positively_charged_negatively_charged_CKSAAGP,0.0,0.0,0.001767206184533605
norm_negatively_charged_hydrophobic_CKSAAGP,0.0285714285714285,0.0303030303030303,0.043796226534731766
norm_negatively_charged_polar_non_charged_CKSAAGP,0.0,0.0,6.057634277805517e-09
norm_negatively_charged_positively_charged_CKSAAGP,0.0,0.0,1.653599756268745e-06
